-- phpMyAdmin SQL Dump
-- version 5.0.4
-- https://www.phpmyadmin.net/
--
-- Host: 127.0.0.1
-- Generation Time: Apr 23, 2021 at 08:03 PM
-- Server version: 10.4.17-MariaDB
-- PHP Version: 8.0.2

SET SQL_MODE = "NO_AUTO_VALUE_ON_ZERO";
START TRANSACTION;
SET time_zone = "+00:00";


/*!40101 SET @OLD_CHARACTER_SET_CLIENT=@@CHARACTER_SET_CLIENT */;
/*!40101 SET @OLD_CHARACTER_SET_RESULTS=@@CHARACTER_SET_RESULTS */;
/*!40101 SET @OLD_COLLATION_CONNECTION=@@COLLATION_CONNECTION */;
/*!40101 SET NAMES utf8mb4 */;

--
-- Database: `skripsi_3`
--

-- --------------------------------------------------------

--
-- Table structure for table `tbl_jenis_pesawat`
--

CREATE TABLE `tbl_jenis_pesawat` (
  `id_jenis_pesawat` int(11) NOT NULL,
  `nama_jenis_pesawat` varchar(255) DEFAULT NULL
) ENGINE=InnoDB DEFAULT CHARSET=latin1 ROW_FORMAT=COMPACT;

--
-- Dumping data for table `tbl_jenis_pesawat`
--

INSERT INTO `tbl_jenis_pesawat` (`id_jenis_pesawat`, `nama_jenis_pesawat`) VALUES
(1, 'Pesawat'),
(2, 'Helikopter');

-- --------------------------------------------------------

--
-- Table structure for table `tbl_karakteristik`
--

CREATE TABLE `tbl_karakteristik` (
  `id` int(11) NOT NULL,
  `name` varchar(255) DEFAULT NULL
) ENGINE=InnoDB DEFAULT CHARSET=latin1 ROW_FORMAT=COMPACT;

--
-- Dumping data for table `tbl_karakteristik`
--

INSERT INTO `tbl_karakteristik` (`id`, `name`) VALUES
(2, 'Jenis Sayap'),
(3, 'Penempatan Sayap'),
(4, 'Jumlah Sayap'),
(5, 'Arah Sayap'),
(6, 'Jenis Mesin'),
(7, 'Jumlah Mesin'),
(8, 'Posisi Mesin'),
(9, 'Badan Pesawat'),
(10, 'Bentuk Ekor Pesawat'),
(11, 'Jenis Landing Gear'),
(12, 'Canard'),
(13, 'Persenjataan'),
(14, 'Warna');

-- --------------------------------------------------------

--
-- Table structure for table `tbl_karakter_pesawat`
--

CREATE TABLE `tbl_karakter_pesawat` (
  `id_karakter_pesawat` int(11) NOT NULL,
  `nama_karakter_pesawat` varchar(255) NOT NULL
) ENGINE=InnoDB DEFAULT CHARSET=utf8mb4;

--
-- Dumping data for table `tbl_karakter_pesawat`
--

INSERT INTO `tbl_karakter_pesawat` (`id_karakter_pesawat`, `nama_karakter_pesawat`) VALUES
(1, 'Sipil'),
(2, 'Militer');

-- --------------------------------------------------------

--
-- Table structure for table `tbl_pesawat`
--

CREATE TABLE `tbl_pesawat` (
  `id` int(11) NOT NULL,
  `nama_pesawat` varchar(35) CHARACTER SET utf8 DEFAULT NULL,
  `id_jenis_pesawat` int(11) DEFAULT NULL,
  `id_karakter_pesawat` int(11) DEFAULT NULL,
  `id_jenis_sayap` varchar(20) DEFAULT NULL,
  `id_jenis_penempatan_sayap` varchar(20) DEFAULT NULL,
  `id_jumlah_sayap` varchar(20) DEFAULT NULL,
  `id_arah_sayap` varchar(20) DEFAULT NULL,
  `id_jenis_mesin` varchar(20) DEFAULT NULL,
  `id_jumlah_mesin` varchar(20) DEFAULT NULL,
  `id_posisi_mesin` varchar(20) DEFAULT NULL,
  `id_badan_pesawat` varchar(20) DEFAULT NULL,
  `id_jenis_ekor` varchar(20) DEFAULT NULL,
  `id_jenis_landing_gear` varchar(20) DEFAULT NULL,
  `id_persenjataan` varchar(20) DEFAULT NULL,
  `id_warna` varchar(20) DEFAULT NULL,
  `fusi_jenis_pesawat` varchar(20) DEFAULT NULL,
  `fusi_karakter_pesawat` varchar(20) DEFAULT NULL,
  `dec_jenis_pesawat` int(11) DEFAULT NULL,
  `dec_karakter_pesawat` int(11) DEFAULT NULL
) ENGINE=InnoDB DEFAULT CHARSET=utf8mb4;

--
-- Dumping data for table `tbl_pesawat`
--

INSERT INTO `tbl_pesawat` (`id`, `nama_pesawat`, `id_jenis_pesawat`, `id_karakter_pesawat`, `id_jenis_sayap`, `id_jenis_penempatan_sayap`, `id_jumlah_sayap`, `id_arah_sayap`, `id_jenis_mesin`, `id_jumlah_mesin`, `id_posisi_mesin`, `id_badan_pesawat`, `id_jenis_ekor`, `id_jenis_landing_gear`, `id_persenjataan`, `id_warna`, `fusi_jenis_pesawat`, `fusi_karakter_pesawat`, `dec_jenis_pesawat`, `dec_karakter_pesawat`) VALUES
(1, 'Chengdu J-7', 1, 2, '0000000000000010', '0000000000001000', '0000000001000000', '0000100000000000', '0000100000010000', '0000001001000000', '0001001100001000', '0000001000010000', '0000000100010000', '0100010000000000', '1000100010000000', '0011100000000000', '0101011000010010', '1011000010000000', 22034, 45184),
(2, 'Chengdu J-10', 1, 2, '0000000000000010', '0000000000010000', '0000000001000000', '0010000000000000', '0000100000010000', '0000001001000000', '0001001100001000', '0000001000010000', '0000000100010000', '0100010000000000', '1000100010000000', '0010100000000000', '0111111000001010', '1010000010000000', 32266, 41088),
(3, 'Chengdu J-20', 1, 2, '0000000000000010', '0000000000001000', '0000000001000000', '0010000000000000', '0000100000010000', '0000000110000000', '0001001100001000', '0000000100001000', '0000010000100100', '0100010000000000', '1000100010000000', '0110100000000000', '0111101111111110', '1110000010000000', 31742, 57472),
(4, 'Shenyang J-8', 1, 2, '0000000000000010', '0000000000001000', '0000000001000000', '0010000000000000', '0000100000010000', '0000000110000000', '0001001100001000', '0000000100001000', '0000000100010000', '0100010000000000', '1000100010000000', '0011010000000000', '0111111011001010', '1011110010000000', 32458, 48256),
(5, 'Shenyang J-11', 1, 2, '0000000000000010', '0000000000000100', '0000000001000000', '0000100000000000', '0000100000010000', '0000000110000000', '0001001100001000', '0000000100001000', '0000010000100100', '0100010000000000', '1000100010000000', '0011100000000000', '0101001111110010', '1011000010000000', 21490, 45184),
(6, 'Shenyang J-16', 1, 2, '0000000000000010', '0000000000000100', '0000000001000000', '0000100000000000', '0000100000010000', '0000000110000000', '0001001100001000', '0000000100001000', '0000010000100100', '0100010000000000', '1000100010000000', '0011100000000000', '0101001111110010', '1011000010000000', 21490, 45184),
(7, 'F-16 Fighting Falcon', 1, 2, '0000000000000010', '0000000000001000', '0000000001000000', '0000100000000000', '0000100000010000', '0000001001000000', '0001001100001000', '0000001000010000', '0000000100010000', '0100010000000000', '1000100010000000', '0100110000000000', '0101011000010010', '1100010010000000', 22034, 50304),
(8, 'F-15E Strike Eagle', 1, 2, '0000000000000010', '0000000000000100', '0000000001000000', '0000100000000000', '0000100000010000', '0000000110000000', '0001001100001000', '0000000100001000', '0000010000100100', '0100010000000000', '1000100010000000', '0110100000000000', '0101001111110010', '1110000010000000', 21490, 57472),
(9, 'F-35 Lightning II', 1, 2, '0000000000000010', '0000000000001000', '0000000001000000', '0000100000000000', '0000100000010000', '0000001001000000', '0001001100001000', '0000001000010000', '0000010000100100', '0100010000000000', '1000100010000000', '0110100000000000', '0101001100100110', '1110000010000000', 21286, 57472),
(10, 'F-22 Raptor', 1, 2, '0000000000000010', '0000000000000100', '0000000001000000', '0010000000000000', '0000100000010000', '0000000110000000', '0001001100001000', '0000001000010000', '0000010000100100', '0100010000000000', '1000100010000000', '0110100000000000', '0111100011101010', '1110000010000000', 30954, 57472),
(11, 'F-5 Freedom Fighter', 1, 2, '0000000000000010', '0000000000010000', '0000000001000000', '0000100000000000', '0000100000010000', '0000001001000000', '0001001100001000', '0000000100001000', '0000000100010000', '0100010000000000', '1000100010000000', '0100110000000000', '0101010100010010', '1100010010000000', 21778, 50304),
(12, 'L-39 Albatros', 1, 2, '0000000000000010', '0000000000010000', '0000000001000000', '0000100000000000', '0000100000010000', '0000001001000000', '0001001100001000', '0000001000010000', '0000000100010000', '0100010000000000', '1000100010000000', '0100110000000000', '0101011000001010', '1100010010000000', 22026, 50304),
(13, 'Mikoyan MiG-29', 1, 2, '0000000000000010', '0000000000000100', '0000000001000000', '0000100000000000', '0000100000010000', '0000000110000000', '0001001100001000', '0000001000010000', '0000010000100100', '0100010000000000', '1000100010000000', '0100110000000000', '0101000011101010', '1100010010000000', 20714, 50304),
(14, 'Mikoyan MiG-35', 1, 2, '0000000000000010', '0000000000000100', '0000000001000000', '0000100000000000', '0000100000010000', '0000000110000000', '0001001100001000', '0000001000010000', '0000010000100100', '0100010000000000', '1000100010000000', '0011100000000000', '0101000011101010', '1011000010000000', 20714, 45184),
(15, 'Sukhoi Su-27', 1, 2, '0000000000000010', '0000000000000100', '0000000001000000', '0000100000000000', '0000100000010000', '0000000110000000', '0001001100001000', '0000001000010000', '0000010000100100', '0100010000000000', '1000100010000000', '0011100000000000', '0101000011101010', '1011000010000000', 20714, 45184),
(16, 'Sukhoi Su-35', 1, 2, '0000000000000010', '0000000000000100', '0000000001000000', '0000100000000000', '0000100000010000', '0000000110000000', '0001001100001000', '0000001000010000', '0000010000100100', '0100010000000000', '1000100010000000', '0011100000000000', '0101000011101010', '1011000010000000', 20714, 45184),
(17, 'Typhoon Fighter FGR-4', 1, 2, '0000000000000010', '0000000000010000', '0000000001000000', '0010000000000000', '0000100000010000', '0000000110000000', '0001001100001000', '0000001000010000', '0000000100010000', '0100010000000000', '1000100010000000', '0101010000000000', '0111110111001010', '1101110010000000', 32202, 56448),
(18, 'Dassault Rafale', 1, 2, '0000000000000010', '0000000000010000', '0000000001000000', '0010000000000000', '0000100000010000', '0000000110000000', '0001001100001000', '0000001000010000', '0000000100010000', '0100010000000000', '1000100010000000', '0010100000000000', '0111110111001010', '1010000010000000', 32202, 41088),
(19, 'Dassault Mirage 2000', 1, 2, '0000000000000010', '0000000000010000', '0000000001000000', '0010000000000000', '0000100000010000', '0000001001000000', '0001001100001000', '0000001000010000', '0000000100010000', '0100010000000000', '1000100010000000', '0011100000000000', '0111111000001010', '1011000010000000', 32266, 45184),
(20, 'JF-17 Thunder', 1, 2, '0000000000000010', '0000000000001000', '0000000001000000', '0000100000000000', '0000100000010000', '0000001001000000', '0001001100001000', '0000001000010000', '0000000100010000', '0100010000000000', '1000100010000000', '0010100000000000', '0101011000010010', '1010000010000000', 22034, 41088),
(21, 'Tu-160M Blackjack', 1, 2, '0000000000000010', '0000000000010000', '0000000001000000', '0000100000000000', '0000100000010000', '1000000110000010', '0010010010000100', '0000001000010000', '0000000100010000', '0100010000000000', '1000010001000000', '0011010000000000', '1110001001000100', '1011000001000000', 57924, 45120),
(22, 'Sukhoi Su-57', 1, 2, '0000000000000010', '0000000000000100', '0000000001000000', '0010000000000000', '0000100000010000', '0000000110000000', '0001001100001000', '0000000100001000', '0000010000100100', '0100010000000000', '1000100010000000', '0011100000000000', '0111101111110010', '1011000010000000', 31730, 45184),
(23, 'F-15C Eagle', 1, 2, '0000000000000010', '0000000000000100', '0000000001000000', '0000100000000000', '0000100000010000', '0000000110000000', '0001001100001000', '0000001000010000', '0000010000100100', '0100010000000000', '1000100010000000', '0110100000000000', '0101000011101010', '1110000010000000', 20714, 57472),
(24, 'L-39 Albatros', 1, 2, '0000000000000010', '0000000000010000', '0000000001000000', '0000010000000000', '0000100000010000', '0000001001000000', '0001001100001000', '0000001000010000', '0000000100010000', '0100010000000000', '1000010001000000', '0100110000000000', '0101101000001010', '1100100001000000', 23050, 51264),
(25, 'Tupolev Tu-22m', 1, 2, '0000000000000010', '0000000000010000', '0000000001000000', '0000100000000000', '0000100000010000', '0000001001000000', '0001001100001000', '0000000100001000', '0000000100010000', '0100010000000000', '1000100010000000', '0100110000000000', '0101010100010010', '1100010010000000', 21778, 50304),
(26, 'Yakovlev Yak-130', 1, 2, '0000000000000010', '0000000000001000', '0000000001000000', '0000100000000000', '0000100000010000', '0000001001000000', '0001001100001000', '0000001000010000', '0000000100010000', '0100010000000000', '1000100010000000', '0110100000000000', '0101011000010010', '1110000010000000', 22034, 57472),
(27, 'Shenyang J-31', 1, 2, '0000000000000010', '0000000000000100', '0000000001000000', '0000100000000000', '0000100000010000', '0000000110000000', '0001001100001000', '0000000100001000', '0000010000100100', '0100010000000000', '1000100010000000', '0110100000000000', '0101001111110010', '1110000010000000', 21490, 57472),
(28, 'Shenyang J-15', 1, 2, '0000000000000010', '0000000000000100', '0000000001000000', '0000100000000000', '0000100000010000', '0000000110000000', '0001001100001000', '0000001000010000', '0000010000100100', '0100010000000000', '1000100010000000', '0010100000000000', '0101000011101010', '1010000010000000', 20714, 41088),
(29, 'Xi\'an H-20', 1, 2, '0000000000000010', '0000000000001000', '0000000001000000', '0010000000000000', '0000100000010000', '0000000110000000', '0001001100001000', '0000000100001000', '1000000000100100', '0100010000000000', '1000100010000000', '0110100000000000', '0000000011111110', '1110000010000000', 254, 57472),
(30, 'Xi\'an H-6K', 1, 2, '0000000000000010', '0000000000001000', '0000000001000000', '0000100000000000', '0000100000010000', '0000001001000000', '0001001100001000', '0000001000010000', '0000000100010000', '0100010000000000', '1000100010000000', '0011010000000000', '0101011000010010', '1011110010000000', 22034, 48256),
(31, 'Xi\'an JH-7', 1, 2, '0000000000000010', '0000000000000100', '0000000001000000', '0000100000000000', '0000100000010000', '0000000110000000', '0001001100001000', '0000001000010000', '0000000100010000', '0100010000000000', '1000100010000000', '0011010000000000', '0101010111011110', '1011110010000000', 21982, 48256),
(32, 'Hongdu JL-15', 1, 2, '0000000000000010', '0000000000001000', '0000000001000000', '0000100000000000', '0000100000010000', '0000000110000000', '0001001100001000', '0000001000010000', '0000000100010000', '0100010000000000', '1000100010000000', '0011100000000000', '0101010111010010', '1011000010000000', 21970, 45184),
(33, 'BAE System Hawk', 1, 2, '0000000000000010', '0000000000010000', '0000000001000000', '0000100000000000', '0000100000010000', '0000001001000000', '0001001100001000', '0000001000010000', '0000000100010000', '0100010000000000', '1000010001000000', '0110100000000000', '0101011000001010', '1110110001000000', 22026, 60480),
(34, 'Dassault', 1, 2, '0000000000000010', '0000000000000100', '0000000001000000', '0000100000000000', '0000100000010000', '0000000110000000', '0000110001000000', '0000001000010000', '0000000100010000', '0100010000000000', '1000010001000000', '0110100000000000', '0100101010010110', '1110110001000000', 19094, 60480),
(35, 'Jaguar', 1, 2, '0000000000000010', '0000000000000100', '0000000001000000', '0000100000000000', '0000100000010000', '0000000110000000', '0000110001000000', '0000001000010000', '0000000100010000', '0100010000000000', '1000100010000000', '0101010000000000', '0100101010010110', '1101110010000000', 19094, 56448),
(36, 'Panavia Tornado', 1, 2, '0000000000000010', '0000000000000100', '0000000001000000', '0000100000000000', '0000100000010000', '0000000110000000', '0001001100001000', '0000001000010000', '0000000100010000', '0100010000000000', '1000100010000000', '0101010000000000', '0101010111011110', '1101110010000000', 21982, 56448),
(37, 'T-38B Talon', 1, 2, '0000000000000010', '0000000000010000', '0000000001000000', '0000100000000000', '0000100000010000', '0000001001000000', '0001001100001000', '0000000100001000', '0000000100010000', '0100010000000000', '1000010001000000', '0110100000000000', '0101010100010010', '1110110001000000', 21778, 60480),
(38, 'T-37C Tweet', 1, 2, '0000000000000010', '0000000000001000', '0000000001000000', '0000010000000000', '0010000000000100', '0000001001000000', '0001001100001000', '0000000100001000', '0000000100010000', '0100010000000000', '1000010001000000', '0101010000000000', '0111000100011110', '1101000001000000', 28958, 53312),
(39, 'McDonnell Douglas F/A-18D Hornet', 1, 2, '0000000000000010', '0000000000000100', '0000000001000000', '0000100000000000', '0000100000010000', '0000000110000000', '0001001100001000', '0000001000010000', '0000010000100100', '0100010000000000', '1000100010000000', '0011010000000000', '0101000011101010', '1011110010000000', 20714, 48256),
(40, 'Boeing C-17 Globemaster III', 1, 2, '0000000000000010', '0000000000000100', '0000000001000000', '0000100000000000', '0000100000010000', '1000000110000010', '0010010010000100', '0000000000100001', '0000001000100000', '0100010000000000', '1000010001000000', '0011010000000000', '1110001101010001', '1011000001000000', 58193, 45120),
(41, 'V-22 Osprey', 1, 2, '0000000000000010', '0000000000000100', '0000000001000000', '0000010000000000', '0000010000100000', '0000000110000000', '0010010010000100', '0000000000100001', '0000100010000000', '0100010000000000', '1000100010000000', '0011010000000000', '0110100111000011', '1011110010000000', 27075, 48256),
(42, 'Northrop Grumman B-2 Spirit', 1, 2, '0000000000000010', '0000000000010000', '0000000001000000', '0000100000000000', '0000100000010000', '1000000110000010', '0000110001000000', '0000000001000100', '1000000000100100', '0100010000000000', '1000100010000000', '0110100000000000', '0100100111100000', '1110000010000000', 18912, 57472),
(43, 'F-117', 1, 2, '0000000000000010', '0000000000010000', '0000000001000000', '0000100000000000', '0000100000010000', '0000000110000000', '0000110001000000', '0000000001000100', '0001000100000000', '0100010000000000', '1000100010000000', '0110100000000000', '0101100011000110', '1110000010000000', 22726, 57472),
(44, 'F-18', 1, 2, '0000000000000010', '0000000000001000', '0000000001000000', '0000100000000000', '0000100000010000', '0000000110000000', '0001001100001000', '0000001000010000', '0000010000100100', '0100010000000000', '1000100010000000', '0011010000000000', '0101000011100110', '1011110010000000', 20710, 48256),
(45, 'EMB 314/A-29 Super Tucano', 1, 2, '0000000000000010', '0000000000010000', '0000000001000000', '0000010000000000', '0001000000001000', '0000001001000000', '0000011100100000', '0000001000010000', '0000000100010000', '0100010000000000', '1000100010000000', '0100110000000000', '0101011000111010', '1100010010000000', 22074, 50304),
(46, 'Antonov An-124', 1, 1, '0000000000000010', '0000000000000100', '0000000001000000', '0000100000000000', '0000100000010000', '1000000110000010', '0010010010000100', '0000000000100001', '0000000100010000', '0100010000000000', '1000010001000000', '0000000001110000', '1110000001100001', '1000010000110000', 57441, 33840),
(47, 'Antonov An-225', 1, 1, '0000000000000010', '0000000000000100', '0000000001000000', '0000100000000000', '0000100000010000', '1000000110000010', '0010010010000100', '0000000000100001', '0000000100010000', '0100010000000000', '1000010001000000', '0000000001110000', '1110000001100001', '1000010000110000', 57441, 33840),
(48, 'Airbus A300', 1, 1, '0000000000000010', '0000000000010000', '0000000001000000', '0000100000000000', '0000100000010000', '0000000110000000', '0010010010000100', '0000000000100001', '0000000100010000', '0100010000000000', '1000010001000000', '0000000001110000', '0110000001110111', '1000010000110000', 24695, 33840),
(49, 'ATR-72', 1, 1, '0000000000000010', '0000000000000100', '0000000001000000', '0000010000000000', '0001000000001000', '0000000110000000', '0010010010000100', '0000000000100001', '0000001000100000', '0100010000000000', '1000010001000000', '0000000001110000', '0111011101001011', '1000010000110000', 30539, 33840),
(50, 'CN-235', 1, 1, '0000000000000010', '0000000000000100', '0000000001000000', '0000100000000000', '0001000000001000', '0000000110000000', '0010010010000100', '0000000000100001', '0000000100010000', '0100010000000000', '1000010001000000', '0000000001110000', '0111011101001011', '1000010000110000', 30539, 33840),
(51, 'CASA C-212', 1, 1, '0000000000000010', '0000000000000100', '0000000001000000', '0000010000000000', '0001000000001000', '0000000110000000', '0010010010000100', '0000000000100001', '0000000100010000', '0100010000000000', '1000010001000000', '0000000001110000', '0111010001111011', '1000010000110000', 29819, 33840),
(52, 'N-219', 1, 1, '0000000000000010', '0000000000000100', '0000000001000000', '0000010000000000', '0001000000001000', '0000000110000000', '0010010010000100', '0000000000100001', '0000000100010000', '0100010000000000', '1000010001000000', '0000000001110000', '0111010001111011', '1000010000110000', 29819, 33840),
(53, 'N-250', 1, 1, '0000000000000010', '0000000000000100', '0000000001000000', '0000010000000000', '0001000000001000', '0000000110000000', '0010010010000100', '0000000000100001', '0000000100010000', '0100010000000000', '1000010001000000', '0000000001110000', '0111010001111011', '1000010000110000', 29819, 33840),
(54, 'N-245', 1, 1, '0000000000000010', '0000000000000100', '0000000001000000', '0000100000000000', '0001000000001000', '0000000110000000', '0010010010000100', '0000000000100001', '0000000100010000', '0100010000000000', '1000010001000000', '0000000001110000', '0111100001111011', '1000010000110000', 30843, 33840),
(55, 'Airbus A380', 1, 1, '0000000000000010', '0000000000010000', '0000000001000000', '0000100000000000', '0000100000010000', '1000000110000010', '0010010010000100', '0000000000100001', '0000000100010000', '0100010000000000', '1000010001000000', '0000000001110000', '1110000001110101', '1000010000110000', 57461, 33840),
(56, 'Airbus A340 600', 1, 1, '0000000000000010', '0000000000010000', '0000000001000000', '0000100000000000', '0000100000010000', '1000000110000010', '0010010010000100', '0000000000100001', '0000000100010000', '0100010000000000', '1000010001000000', '0000000001110000', '1110000001110101', '1000010000110000', 57461, 33840),
(57, 'Boeing 747 400', 1, 1, '0000000000000010', '0000000000010000', '0000000001000000', '0000100000000000', '0000100000010000', '1000000110000010', '0010010010000100', '0000000000100001', '0000000100010000', '0100010000000000', '1000010001000000', '0000000001110000', '1110000001110101', '1000010000110000', 57461, 33840),
(58, 'Embraer 190', 1, 1, '0000000000000010', '0000000000010000', '0000000001000000', '0000100000000000', '0001000000001000', '0000000110000000', '0010010010000100', '0000000000100001', '0000000100010000', '0100010000000000', '1000010001000000', '0000000001110000', '0111100001101111', '1000010000110000', 30831, 33840),
(59, 'Tupolev Tu-204', 1, 1, '0000000000000010', '0000000000010000', '0000000001000000', '0000100000000000', '0001000000001000', '0000000110000000', '0010010010000100', '0000000000100001', '0000000100010000', '0100010000000000', '1000010001000000', '0000000001110000', '0111100001101111', '1000010000110000', 30831, 33840),
(60, 'NAMC YS-11', 1, 1, '0000000000000010', '0000000000010000', '0000000001000000', '0000010000000000', '0001000000001000', '0000000110000000', '0010010010000100', '0000000000100001', '0000000100010000', '0100010000000000', '1000010001000000', '0000000001110000', '0111010001101111', '1000010000110000', 29807, 33840),
(61, 'DC-10', 1, 1, '0000000000000010', '0000000000010000', '0000000001000000', '0000100000000000', '0000100000010000', '1000000110000000', '0010010010000100', '0000000000100001', '0000000100010000', '0100010000000000', '1000010001000000', '0000000001110000', '1110000001110111', '1000010000110000', 57463, 33840),
(62, 'DC-93', 1, 1, '0000000000000010', '0000000000010000', '0000000001000000', '0000100000000000', '0000100000010000', '0000000110000000', '0000011100100000', '0000000000100001', '0000001000100000', '0100010000000000', '1000010001000000', '0000000001110000', '0100000011100011', '1000010000110000', 16611, 33840),
(63, 'MD-11', 1, 1, '0000000000000010', '0000000000010000', '0000000001000000', '0000100000000000', '0000100000010000', '1000000110000000', '0010010010000100', '0000000000100001', '0000000100010000', '0100010000000000', '1000010001000000', '0000000001110000', '1110000001110111', '1000010000110000', 57463, 33840),
(64, 'MD-82', 1, 1, '0000000000000010', '0000000000010000', '0000000001000000', '0000100000000000', '0000100000010000', '0000000110000000', '0000011100100000', '0000000000100001', '0000001000100000', '0100010000000000', '1000010001000000', '0000000001110000', '0100000011100011', '1000010000110000', 16611, 33840),
(65, 'Fokker F28', 1, 1, '0000000000000010', '0000000000010000', '0000000001000000', '0000100000000000', '0001000000001000', '0000000110000000', '0000011100100000', '0000000000100001', '0000001000100000', '0100010000000000', '1000010001000000', '0000000001110000', '0101100011111011', '1000010000110000', 22779, 33840),
(66, 'Fokker F50', 1, 1, '0000000000000010', '0000000000000100', '0000000001000000', '0000010000000000', '0001000000001000', '0000000110000000', '0010010010000100', '0000000000100001', '0000000100010000', '0100010000000000', '1000010001000000', '0000000001110000', '0111010001111011', '1000010000110000', 29819, 33840),
(67, 'Hawker Siddley HS 748', 1, 1, '0000000000000010', '0000000000010000', '0000000001000000', '0000010000000000', '0001000000001000', '0000000110000000', '0010010010000100', '0000000000100001', '0000000100010000', '0100010000000000', '1000010001000000', '0000000001110000', '0111010001101111', '1000010000110000', 29807, 33840),
(68, 'Hawker 400', 1, 1, '0000000000000010', '0000000000010000', '0000000001000000', '0000100000000000', '0000100000010000', '0000000110000000', '0000011100100000', '0000000000100001', '0000001000100000', '0100010000000000', '1000010001000000', '0000000001110000', '0100000011100011', '1000010000110000', 16611, 33840),
(69, 'Gulfstream G200', 1, 1, '0000000000000010', '0000000000010000', '0000000001000000', '0000100000000000', '0000100000010000', '0000000110000000', '0000011100100000', '0000000000100001', '0000010001000000', '0100010000000000', '1000010001000000', '0000000001110000', '0100011010000011', '1000010000110000', 18051, 33840),
(70, 'Gulfstream 3', 1, 1, '0000000000000010', '0000000000010000', '0000000001000000', '0000100000000000', '0000100000010000', '0000000110000000', '0000011100100000', '0000000000100001', '0000001000100000', '0100010000000000', '1000010001000000', '0000000001110000', '0100000011100011', '1000010000110000', 16611, 33840),
(71, 'Vickers VC-10', 1, 1, '0000000000000010', '0000000000010000', '0000000001000000', '0000100000000000', '0000100000010000', '1000000110000010', '0000011100100000', '0000000000100001', '0000001000100000', '0100010000000000', '1000010001000000', '0000000001110000', '1100000011100001', '1000010000110000', 49377, 33840),
(72, 'Dassault Falcon 900', 1, 1, '0000000000000010', '0000000000010000', '0000000001000000', '0000100000000000', '0000100000010000', '1000000110000000', '0000011100100000', '0000000000100001', '0000010001000000', '0100010000000000', '1000010001000000', '0000000001110000', '1100011010000011', '1000010000110000', 50819, 33840),
(73, 'Falcon 2000', 1, 1, '0000000000000010', '0000000000010000', '0000000001000000', '0000100000000000', '0000100000010000', '0000000110000000', '0000011100100000', '0000000000100001', '0000010001000000', '0100010000000000', '1000010001000000', '0000000001110000', '0100011010000011', '1000010000110000', 18051, 33840),
(74, 'DHC-8', 1, 1, '0000000000000010', '0000000000000100', '0000000001000000', '0000010000000000', '0001000000001000', '0000000110000000', '0010010010000100', '0000000000100001', '0000001000100000', '0100010000000000', '1000010001000000', '0000000001110000', '0111011101001011', '1000010000110000', 30539, 33840),
(75, 'Boeing 707', 1, 1, '0000000000000010', '0000000000010000', '0000000001000000', '0000100000000000', '0000100000010000', '1000000110000010', '0010010010000100', '0000000000100001', '0000000100010000', '0100010000000000', '1000010001000000', '0000000001110000', '1110000001110101', '1000010000110000', 57461, 33840),
(76, 'Boeing 737 Classic', 1, 1, '0000000000000010', '0000000000010000', '0000000001000000', '0000100000000000', '0000100000010000', '0000000110000000', '0010010010000100', '0000000000100001', '0000000100010000', '0100010000000000', '1000010001000000', '0000000001110000', '0110000001110111', '1000010000110000', 24695, 33840),
(77, 'DHC-6', 1, 1, '0000000000000010', '0000000000000100', '0000000001000000', '0000010000000000', '0001000000001000', '0000000110000000', '0010010010000100', '0000000000100001', '0000001000100000', '0100010000000000', '1000010001000000', '0000000001110000', '0111011101001011', '1000010000110000', 30539, 33840),
(78, 'Douglas DC-3', 1, 1, '0000000000000010', '0000000000010000', '0000000001000000', '0000010000000000', '0001000000001000', '0000000110000000', '0010010010000100', '0000000000100001', '0000000100010000', '0100010000000000', '1000010001000000', '0000000001110000', '0111010001101111', '1000010000110000', 29807, 33840),
(79, 'McDonnell Douglas DC-10', 1, 1, '0000000000000010', '0000000000010000', '0000000001000000', '0000100000000000', '0000100000010000', '1000000110000000', '0010010010000100', '0000000000100001', '0000000100010000', '0100010000000000', '1000010001000000', '0000000001110000', '1110000001110111', '1000010000110000', 57463, 33840),
(80, 'McDonnell Douglas MD-82', 1, 1, '0000000000000010', '0000000000010000', '0000000001000000', '0000100000000000', '0000100000010000', '0000000110000000', '0010010010000100', '0000000000100001', '0000000100010000', '0100010000000000', '1000010001000000', '0000000001110000', '0110000001110111', '1000010000110000', 24695, 33840),
(81, 'AH-64 Apache Longbow', 2, 2, '0000000000000001', '0000000000100000', '0000001000000000', '0100000000000000', '0000010000100000', '0000001001000000', '0000000100000011', '0000000010001000', '0010001000000000', '1000100000000000', '1000100010000000', '0110100000000000', '1110111111001010', '1110000010000000', 61386, 57472),
(82, 'AS32 Super Puma', 2, 2, '0000000000000001', '0000000000100000', '0000001000000000', '0100000000000000', '0000010000100000', '0000001001000000', '0000010010000001', '0000000010001000', '10001000000000', '1000100000000000', '1000010001000000', '0100110000000000', '1110101001001000', '1100100001000000', 59976, 51264),
(83, 'AW101 Merlin', 2, 2, '0000000000000001', '0000000000100000', '0000001000000000', '0100000000000000', '0000010000100000', '0000001001000000', '0000010010000001', '0000000010001000', '10001000000000', '100010000000000', '1000010001000000', '0100110000000000', '0010011001001000', '1100100001000000', 9800, 51264),
(84, 'AW109 Power', 2, 2, '0000000000000001', '0000000000100000', '0000001000000000', '0100000000000000', '0000010000100000', '0000001001000000', '0000010010000001', '0000000010001000', '10001000000000', '1000100000000000', '1000010001000000', '0011010000000000', '1110101001001000', '1011000001000000', 59976, 45120),
(85, 'A129 Mangusta', 2, 2, '0000000000000001', '0000000000100000', '0000001000000000', '0100000000000000', '0000010000100000', '0000001001000000', '0000000100000011', '0000000010001000', '10001000000000', '1000100000000000', '1000100010000000', '0110100000000000', '1110111111001010', '1110000010000000', 61386, 57472),
(86, 'Chinook CH-47F', 2, 2, '0000000000000001', '0000000000100000', '0000001000000000', '0100000000000000', '0000010000100000', '0000000110000000', '0000100011010000', '0000000010001000', '11010000001', '1000100000000000', '1000010001000000', '0100110000000000', '1100000101011000', '1100100001000000', 49496, 51264),
(87, 'Sikorsky S-70A', 2, 2, '0000000000000001', '0000000000100000', '0000001000000000', '0100000000000000', '0000010000100000', '0000001001000000', '0000010010000001', '0000000010001000', '10001000000000', '1000100000000000', '1000100010000000', '0100110000000000', '1110101001001000', '1100010010000000', 59976, 50304),
(88, 'Kamov KA-50 Black Shark', 2, 2, '0000000000000001', '0000000000100000', '0000001000000000', '0100000000000000', '0000010000100000', '0000001001000000', '0000000100000011', '0000000010001000', '100010000', '100010000000000', '1000100010000000', '0110100000000000', '0000000011011010', '1110000010000000', 218, 57472),
(89, 'Kamov KA-52 Alligator', 2, 2, '0000000000000001', '0000000000100000', '0000001000000000', '0100000000000000', '0000010000100000', '0000001001000000', '0000000100000011', '0000000010001000', '100010000', '100010000000000', '1000100010000000', '0101010000000000', '0000000011011010', '1101110010000000', 218, 56448),
(90, 'NH90', 2, 2, '0000000000000001', '0000000000100000', '0000001000000000', '0100000000000000', '0000010000100000', '0000001001000000', '0000000000000011', '0000000010001000', '10001000000000', '1000100000000000', '1000010001000000', '0010100000000000', '1110111011001010', '1010110001000000', 61130, 44096),
(91, 'Sea King S-61', 2, 2, '0000000000000001', '0000000000100000', '0000001000000000', '0100000000000000', '0000010000100000', '0000001001000000', '0000000000000011', '0000000010001000', '10001000000000', '100010000000000', '1000010001000000', '0100110000000000', '0010001011001010', '1100100001000000', 8906, 51264),
(92, 'Sikorsky S-76', 2, 2, '0000000000000001', '0000000000100000', '0000001000000000', '0100000000000000', '0000010000100000', '0000001001000000', '0000000000000011', '0000000010001000', '10001000000000', '1000100000000000', '1000010001000000', '0110100000000000', '1110111011001010', '1110110001000000', 61130, 60480),
(93, 'Bell UH-1 Iroquois', 2, 2, '0000000000000001', '0000000000100000', '0000001000000000', '0100000000000000', '0000010000100000', '0000001001000000', '0000010010000001', '0000000010001000', '10001000000000', '1100010000001000', '1000010001000000', '0100110000000000', '1010011001000000', '1100100001000000', 42560, 51264),
(94, 'Bell AH-1W Super Cobra', 2, 2, '0000000000000001', '0000000000100000', '0000001000000000', '0100000000000000', '0000010000100000', '0000001001000000', '0000010010000001', '0000000010001000', '10001000000000', '1100010000001000', '1000100010000000', '0010100000000000', '1010011001000000', '1010000010000000', 42560, 41088),
(95, 'Sikorsky HH-60P Pave Hawk', 2, 2, '0000000000000001', '0000000000100000', '0000001000000000', '0100000000000000', '0000010000100000', '0000001001000000', '0000010010000001', '0000000010001000', '10001000000000', '1000100000000000', '1000010001000000', '0110100000000000', '1110101001001000', '1110110001000000', 59976, 60480),
(96, 'Sikorsky UH-60M Black Hawk', 2, 2, '0000000000000001', '0000000000100000', '0000001000000000', '0100000000000000', '0000010000100000', '0000001001000000', '0000010010000001', '0000000010001000', '10001000000000', '1000100000000000', '1000010001000000', '0110100000000000', '1110101001001000', '1110110001000000', 59976, 60480),
(97, 'KA-52M', 2, 2, '0000000000000001', '0000000000100000', '0000001000000000', '0100000000000000', '0000010000100000', '0000001001000000', '0000000100000011', '0000000010001000', '100010000', '100010000000000', '1000100010000000', '0101010000000000', '0000000011011010', '1101110010000000', 218, 56448),
(98, 'UH-72A Lakota', 2, 2, '0000000000000001', '0000000000100000', '0000001000000000', '0100000000000000', '0000010000100000', '0000001001000000', '0000010010000001', '0000000010001000', '10001000000000', '1100010000001000', '1000010001000000', '0110100000000000', '1010011001000000', '1110110001000000', 42560, 60480),
(99, 'Yakovlev Yak-24U', 2, 2, '0000000000000001', '0000000000100000', '0000001000000000', '0100000000000000', '0000010000100000', '0000000110000000', '0000100011010000', '0000000010001000', '11010000001', '1000100000000000', '1000010001000000', '0100110000000000', '1100000101011000', '1100100001000000', 49496, 51264),
(100, 'PZL-Swidnik Mi-2', 2, 2, '0000000000000001', '0000000000100000', '0000001000000000', '0100000000000000', '0000010000100000', '0000001001000000', '0000010010000001', '0000000010001000', '10001000000000', '100010000000000', '1000010001000000', '0100110000000000', '0010011001001000', '1100100001000000', 9800, 51264),
(101, 'Bell AH-1S Cobra', 2, 2, '0000000000000001', '0000000000100000', '0000001000000000', '0100000000000000', '0000010000100000', '0000001001000000', '0000010010000001', '0000000010001000', '10001000000000', '1100010000001000', '1000100010000000', '0101010000000000', '1010011001000000', '1101110010000000', 42560, 56448),
(102, 'Mil Mi 24P', 2, 2, '0000000000000001', '0000000000100000', '0000001000000000', '0100000000000000', '0000010000100000', '0000001001000000', '0000010010000001', '0000000010001000', '10001000000000', '100010000000000', '1000100010000000', '0100110000000000', '0010011001001000', '1100010010000000', 9800, 50304),
(103, 'Boeing CH-47D Chinook', 2, 2, '0000000000000001', '0000000000100000', '0000001000000000', '0100000000000000', '0000010000100000', '0000000110000000', '0000100011010000', '0000000010001000', '11010000001', '1000100000000000', '1000010001000000', '0100110000000000', '1100000101011000', '1100100001000000', 49496, 51264),
(104, 'Mil Mi 8MTV-2', 2, 2, '0000000000000001', '0000000000100000', '0000001000000000', '0100000000000000', '0000010000100000', '0000001001000000', '0000000100000011', '0000000010001000', '10001000000000', '1000100000000000', '1000100010000000', '0100110000000000', '1110111111001010', '1100010010000000', 61386, 50304),
(105, 'Sikorsky UH-60A Black Hawk', 2, 2, '0000000000000001', '0000000000100000', '0000001000000000', '0100000000000000', '0000010000100000', '0000001001000000', '0000000100000011', '0000000010001000', '10001000000000', '1000100000000000', '1000010001000000', '0110100000000000', '1110111111001010', '1110110001000000', 61386, 60480),
(106, 'Boeing CH-47F Chinook', 2, 2, '0000000000000001', '0000000000100000', '0000001000000000', '0100000000000000', '0000010000100000', '0000000110000000', '0000100011010000', '0000000010001000', '11010000001', '100010000000000', '1000010001000000', '0100110000000000', '0000110101011000', '1100100001000000', 3416, 51264),
(107, 'Eurocopter AS-532U2 Cougar Mk2', 2, 2, '0000000000000001', '0000000000100000', '0000001000000000', '0100000000000000', '0000010000100000', '0000001001000000', '0000010010000001', '0000000010001000', '10001000000000', '100010000000000', '1000010001000000', '0100110000000000', '0010011001001000', '1100100001000000', 9800, 51264),
(108, 'Westland WS-61 Sea King Mk48', 2, 2, '0000000000000001', '0000000000100000', '0000001000000000', '0100000000000000', '0000010000100000', '0000001001000000', '0000000100000011', '0000000010001000', '10001000000000', '1000100000000000', '1000010001000000', '0101010000000000', '1110111111001010', '1101000001000000', 61386, 53312),
(109, 'Westland WAH-64D Longbow Apache AH1', 2, 2, '0000000000000001', '0000000000100000', '0000001000000000', '0100000000000000', '0000010000100000', '0000001001000000', '0000000100000011', '0000000010001000', '10001000000000', '1000100000000000', '1000100010000000', '0110100000000000', '1110111111001010', '1110000010000000', 61386, 57472),
(110, 'Sikorsky S-70C(M)-2 Thunderhawk', 2, 2, '0000000000000001', '0000000000100000', '0000001000000000', '0100000000000000', '0000010000100000', '0000001001000000', '0000010010000001', '0000000010001000', '10001000000000', '1000100000000000', '1000010001000000', '0011100000000000', '1110111111001010', '1011110001000000', 61386, 48192),
(111, 'Agusta A-109CM', 2, 2, '0000000000000001', '0000000000100000', '0000001000000000', '0100000000000000', '0000010000100000', '0000001001000000', '0000010010000001', '0000000010001000', '10001000000000', '1000100000000000', '1000010001000000', '0100110000000000', '1110101001001000', '1100100001000000', 59976, 51264),
(112, 'Bell UH-1H Huey II', 2, 2, '0000000000000001', '0000000000100000', '0000001000000000', '0100000000000000', '0000010000100000', '0000001001000000', '0000000100000011', '0000000010001000', '10001000000000', '1100010000001000', '1000010001000000', '0011010000000000', '1010001111000010', '1011000001000000', 41922, 45120),
(113, 'Mil Mi-8MT', 2, 2, '0000000000000001', '0000000000100000', '0000001000000000', '0100000000000000', '0000010000100000', '0000001001000000', '0000010010000001', '0000000010001000', '10001000000000', '1000100000000000', '1000010001000000', '0100110000000000', '1110101001001000', '1100100001000000', 59976, 51264),
(114, 'Agusta HH-3F', 2, 2, '0000000000000001', '0000000000100000', '0000001000000000', '0100000000000000', '0000010000100000', '0000001001000000', '0000010010000001', '0000000010001000', '10001000000000', '1000100000000000', '1000010001000000', '0110100000000000', '1110101001001000', '1110110001000000', 59976, 60480),
(115, 'AgustaWestland HH-139A', 2, 2, '0000000000000001', '0000000000100000', '0000001000000000', '0100000000000000', '0000010000100000', '0000001001000000', '0000010010000001', '0000000010001000', '10001000000000', '1000100000000000', '1000010001000000', '0110100000000000', '1110101001001000', '1110110001000000', 59976, 60480),
(116, 'Westland WG-13 Lynx AH7', 2, 2, '0000000000000001', '0000000000100000', '0000001000000000', '0100000000000000', '0000010000100000', '0000001001000000', '0000000100000011', '0000000010001000', '10001000000000', '1100010000001000', '1000010001000000', '0100110000000000', '1010001111000010', '1100100001000000', 41922, 51264),
(117, 'Sikorsky CH-53E Super Stallion', 2, 2, '0000000000000001', '0000000000100000', '0000001000000000', '0100000000000000', '0000010000100000', '0000001001000000', '0000000100000011', '0000000010001000', '10001000000000', '1000100000000000', '1000010001000000', '0010100000000000', '1110111111001010', '1010110001000000', 61386, 44096),
(118, 'Agusta AB-47J Ranger', 2, 2, '0000000000000001', '0000000000100000', '0000001000000000', '0100000000000000', '0000010000100000', '0000001001000000', '0000000100000011', '0000000010001000', '10001000000000', '1100010000001000', '1000010001000000', '0100110000000000', '1010001111000010', '1100100001000000', 41922, 51264),
(119, 'Aerospatiale TP-1 Oryx M', 2, 2, '0000000000000001', '0000000000100000', '0000001000000000', '0100000000000000', '0000010000100000', '0000001001000000', '0000010010000001', '0000000010001000', '10001000000000', '100010000000000', '1000010001000000', '0100110000000000', '0010011001001000', '1100100001000000', 9800, 51264),
(120, 'Kazan Ansat-U', 2, 2, '0000000000000001', '0000000000100000', '0000001000000000', '0100000000000000', '0000010000100000', '0000001001000000', '0000010010000001', '0000000010001000', '10001000000000', '1000100000000000', '1000010001000000', '0100110000000000', '1110101001001000', '1100100001000000', 59976, 51264),
(121, 'Eurocopter EC-135', 2, 1, '0000000000000001', '0000000000100000', '0000001000000000', '0100000000000000', '0000010000100000', '0000000110000000', '0000000000000011', '0000000010001000', '10001000000000', '1100010000001000', '1000010001000000', '0000000001110000', '1010000100000010', '1000010000110000', 41218, 33840),
(122, 'Bell 430', 2, 1, '0000000000000001', '0000000000100000', '0000001000000000', '0100000000000000', '0000010000100000', '0000000110000000', '0000010010000001', '0000000010001000', '10001000000000', '100010000000000', '1000010001000000', '0000000001110000', '0010010110001000', '1000010000110000', 9608, 33840),
(123, 'Agusta-Bell 412 Grifone', 2, 1, '0000000000000001', '0000000000100000', '0000001000000000', '0100000000000000', '0000010000100000', '0000000110000000', '0000010010000001', '0000000010001000', '10001000000000', '1100010000001000', '1000010001000000', '0000000001110000', '1010010110000000', '1000010000110000', 42368, 33840),
(124, 'Bell 230', 2, 1, '0000000000000001', '0000000000100000', '0000001000000000', '0100000000000000', '0000010000100000', '0000000110000000', '0000010010000001', '0000000010001000', '10001000000000', '100010000000000', '1000010001000000', '0000000001110000', '0010010110001000', '1000010000110000', 9608, 33840),
(125, 'Bell JetRanger', 2, 1, '0000000000000001', '0000000000100000', '0000001000000000', '0100000000000000', '0000010000100000', '0000001001000000', '0000010010000001', '0000000010001000', '10001000000000', '1100010000001000', '1000010001000000', '0000000001110000', '1010011001000000', '1000010000110000', 42560, 33840),
(126, 'Bell Supertransport', 2, 1, '0000000000000001', '0000000000100000', '0000001000000000', '0100000000000000', '0000010000100000', '0000000110000000', '0000010010000001', '0000000010001000', '10001000000000', '1100010000001000', '1000010001000000', '0000000001110000', '1010010110000000', '1000010000110000', 42368, 33840),
(127, 'Robinson R44', 2, 1, '0000000000000001', '0000000000100000', '0000001000000000', '0100000000000000', '0000010000100000', '0000001001000000', '0000010010000001', '0000000010001000', '10001000000000', '1100010000001000', '1000010001000000', '0000000001110000', '1010011001000000', '1000010000110000', 42560, 33840),
(128, 'Sikorsky S-76', 2, 1, '0000000000000001', '0000000000100000', '0000001000000000', '0100000000000000', '0000010000100000', '0000000110000000', '0000010010000001', '0000000010001000', '10001000000000', '100010000000000', '1000010001000000', '0000000001110000', '0010010110001000', '1000010000110000', 9608, 33840),
(129, 'Enstrom F-28', 2, 1, '0000000000000001', '0000000000100000', '0000001000000000', '0100000000000000', '0000010000100000', '0000001001000000', '0000000100000011', '0000000010001000', '10001000000000', '1100010000001000', '1000010001000000', '0000000001110000', '1010001111000010', '1000010000110000', 41922, 33840),
(130, 'Eurocopter AS350', 2, 1, '0000000000000001', '0000000000100000', '0000001000000000', '0100000000000000', '0000010000100000', '0000001001000000', '0000010010000001', '0000000010001000', '10001000000000', '1100010000001000', '1000010001000000', '0000000001110000', '1010011001000000', '1000010000110000', 42560, 33840),
(131, 'Eurocopter EC120 Colibri', 2, 1, '0000000000000001', '0000000000100000', '0000001000000000', '0100000000000000', '0000010000100000', '0000001001000000', '0000010010000001', '0000000010001000', '10001000000000', '1100010000001000', '1000010001000000', '0000000001110000', '1010011001000000', '1000010000110000', 42560, 33840),
(132, 'NBK 117', 2, 1, '0000000000000001', '0000000000100000', '0000001000000000', '0100000000000000', '0000010000100000', '0000000110000000', '0000010010000001', '0000000010001000', '10001000000000', '1100010000001000', '1000010001000000', '0000000001110000', '1010010110000000', '1000010000110000', 42368, 33840),
(133, 'Bell 212', 2, 1, '0000000000000001', '0000000000100000', '0000001000000000', '0100000000000000', '0000010000100000', '0000001001000000', '0000010010000001', '0000000010001000', '10001000000000', '1100010000001000', '1000010001000000', '0000000001110000', '1010011001000000', '1000010000110000', 42560, 33840),
(134, 'Bell 407', 2, 1, '0000000000000001', '0000000000100000', '0000001000000000', '0100000000000000', '0000010000100000', '0000001001000000', '0000010010000001', '0000000010001000', '10001000000000', '1100010000001000', '1000010001000000', '0000000001110000', '1010011001000000', '1000010000110000', 42560, 33840),
(135, 'Agusta A109', 2, 1, '0000000000000001', '0000000000100000', '0000001000000000', '0100000000000000', '0000010000100000', '0000000110000000', '0000010010000001', '0000000010001000', '10001000000000', '100010000000000', '1000010001000000', '0000000001110000', '0010010110001000', '1000010000110000', 9608, 33840),
(136, 'Eurocopter EC145', 2, 1, '0000000000000001', '0000000000100000', '0000001000000000', '0100000000000000', '0000010000100000', '0000000110000000', '0000010010000001', '0000000010001000', '10000100100', '1100010000001000', '1000010001000000', '0000000001110000', '1000001110100100', '1000010000110000', 33700, 33840),
(137, 'Eurocopter EC130', 2, 1, '0000000000000001', '0000000000100000', '0000001000000000', '0100000000000000', '0000010000100000', '0000001001000000', '0000010010000001', '0000000010001000', '10001000000000', '1100010000001000', '1000010001000000', '0000000001110000', '1010011001000000', '1000010000110000', 42560, 33840),
(138, 'Hughes 369', 2, 1, '0000000000000001', '0000000000100000', '0000001000000000', '0100000000000000', '0000010000100000', '0000001001000000', '0000010010000001', '0000000010001000', '10001000000000', '1100010000001000', '1000010001000000', '0000000001110000', '1010011001000000', '1000010000110000', 42560, 33840),
(139, 'Mil Mi-34 Hermit', 2, 1, '0000000000000001', '0000000000100000', '0000001000000000', '0100000000000000', '0000010000100000', '0000001001000000', '0000000100000011', '0000000010001000', '10001000000000', '1100010000001000', '1000010001000000', '0000000001110000', '1010001111000010', '1000010000110000', 41922, 33840),
(140, 'MD Explorer', 2, 1, '0000000000000001', '0000000000100000', '0000001000000000', '0100000000000000', '0000010000100000', '0000000110000000', '0000010010000001', '0000000010001000', '10000100100', '1100010000001000', '1000010001000000', '0000000001110000', '1000001110100100', '1000010000110000', 33700, 33840),
(141, 'Ansat', 2, 1, '0000000000000001', '0000000000100000', '0000001000000000', '0100000000000000', '0000010000100000', '0000000110000000', '0000010010000001', '0000000010001000', '10001000000000', '1100010000001000', '1000010001000000', '0000000001110000', '1010010110000000', '1000010000110000', 42368, 33840),
(142, 'Bell 412', 2, 1, '0000000000000001', '0000000000100000', '0000001000000000', '0100000000000000', '0000010000100000', '0000000110000000', '0000010010000001', '0000000010001000', '10001000000000', '1100010000001000', '1000010001000000', '0000000001110000', '1010010110000000', '1000010000110000', 42368, 33840),
(143, 'Sikorsky S-92', 2, 1, '0000000000000001', '0000000000100000', '0000001000000000', '0100000000000000', '0000010000100000', '0000000110000000', '0000010010000001', '0000000010001000', '10001000000000', '100010000000000', '1000010001000000', '0000000001110000', '0010010110001000', '1000010000110000', 9608, 33840),
(144, 'Agusta W169', 2, 1, '0000000000000001', '0000000000100000', '0000001000000000', '0100000000000000', '0000010000100000', '0000000110000000', '0000000000000011', '0000000010001000', '10001000000000', '100010000000000', '1000010001000000', '0000000001110000', '0010000100001010', '1000010000110000', 8458, 33840),
(145, 'Aeropastiale AS-355', 2, 1, '0000000000000001', '0000000000100000', '0000001000000000', '0100000000000000', '0000010000100000', '0000000110000000', '0000000000000011', '0000000010001000', '10001000000000', '1100010000001000', '1000010001000000', '0000000001110000', '1010000100000010', '1000010000110000', 41218, 33840),
(146, 'Airbus Helicopter H225', 2, 1, '0000000000000001', '0000000000100000', '0000001000000000', '0100000000000000', '0000010000100000', '0000000110000000', '0000010010000001', '0000000010001000', '10001000000000', '1000100000000000', '1000010001000000', '0000000001110000', '1110100110001000', '1000010000110000', 59784, 33840),
(147, 'Airbus Helicopter EC-120 Colibri', 2, 1, '0000000000000001', '0000000000100000', '0000001000000000', '0100000000000000', '0000010000100000', '0000001001000000', '0000010010000001', '0000000010001000', '10001000000000', '1100010000001000', '1000010001000000', '0000000001110000', '1010011001000000', '1000010000110000', 42560, 33840),
(148, 'Airbus Helicopter H175', 2, 1, '0000000000000001', '0000000000100000', '0000001000000000', '0100000000000000', '0000010000100000', '0000000110000000', '0000010010000001', '0000000010001000', '10001000000000', '100010000000000', '1000010001000000', '0000000001110000', '0010010110001000', '1000010000110000', 9608, 33840),
(149, 'Avicopter AC313', 2, 1, '0000000000000001', '0000000000100000', '0000001000000000', '0100000000000000', '0000010000100000', '1000000110000000', '0000010010000001', '0000000010001000', '10001000000000', '100010000000000', '1000010001000000', '0000000001110000', '1010010110001000', '1000010000110000', 42376, 33840),
(150, 'Cicare CH-7', 2, 1, '0000000000000001', '0000000000100000', '0000001000000000', '0100000000000000', '0000010000100000', '0000001001000000', '0000000100000011', '0000000010001000', '10001000000000', '1100010000001000', '1000010001000000', '0000000001110000', '1010001111000010', '1000010000110000', 41922, 33840),
(151, 'CH-77 Ranabot', 2, 1, '0000000000000001', '0000000000100000', '0000001000000000', '0100000000000000', '0000010000100000', '0000001001000000', '0000000100000011', '0000000010001000', '10001000000000', '1100010000001000', '1000010001000000', '0000000001110000', '1010001111000010', '1000010000110000', 41922, 33840),
(152, 'Guimbal Cabri G2', 2, 1, '0000000000000001', '0000000000100000', '0000001000000000', '0100000000000000', '0000010000100000', '0000001001000000', '0000000100000011', '0000000010001000', '10001000000000', '1100010000001000', '1000010001000000', '0000000001110000', '1010001111000010', '1000010000110000', 41922, 33840),
(153, 'Sikorsky S-434', 2, 1, '0000000000000001', '0000000000100000', '0000001000000000', '0100000000000000', '0000010000100000', '0000001001000000', '0000000100000011', '0000000010001000', '10001000000000', '1100010000001000', '1000010001000000', '0000000001110000', '1010001111000010', '1000010000110000', 41922, 33840),
(154, 'Schweizer 330', 2, 1, '0000000000000001', '0000000000100000', '0000001000000000', '0100000000000000', '0000010000100000', '0000001001000000', '0000000100000011', '0000000010001000', '10001000000000', '1100010000001000', '1000010001000000', '0000000001110000', '1010001111000010', '1000010000110000', 41922, 33840);
INSERT INTO `tbl_pesawat` (`id`, `nama_pesawat`, `id_jenis_pesawat`, `id_karakter_pesawat`, `id_jenis_sayap`, `id_jenis_penempatan_sayap`, `id_jumlah_sayap`, `id_arah_sayap`, `id_jenis_mesin`, `id_jumlah_mesin`, `id_posisi_mesin`, `id_badan_pesawat`, `id_jenis_ekor`, `id_jenis_landing_gear`, `id_persenjataan`, `id_warna`, `fusi_jenis_pesawat`, `fusi_karakter_pesawat`, `dec_jenis_pesawat`, `dec_karakter_pesawat`) VALUES
(155, 'Airbus Helicopter H135 Helionix', 2, 1, '0000000000000001', '0000000000100000', '0000001000000000', '0100000000000000', '0000010000100000', '0000000110000000', '0000010010000001', '0000000010001000', '10001000000000', '1100010000001000', '1000010001000000', '0000000001110000', '1010010110000000', '1000010000110000', 42368, 33840);

-- --------------------------------------------------------

--
-- Table structure for table `tbl_pesawat_bak`
--

CREATE TABLE `tbl_pesawat_bak` (
  `id_pesawat` int(11) NOT NULL,
  `nama_pesawat` varchar(255) DEFAULT NULL,
  `id_jenis_pesawat` int(11) DEFAULT NULL,
  `id_karakter_pesawat` int(11) NOT NULL,
  `id_jenis_sayap` varchar(20) DEFAULT NULL,
  `id_jenis_penempatan_sayap` varchar(20) DEFAULT NULL,
  `id_jumlah_sayap` varchar(20) DEFAULT NULL,
  `id_arah_sayap` varchar(20) DEFAULT NULL,
  `id_jenis_mesin` varchar(20) DEFAULT NULL,
  `id_jumlah_mesin` varchar(20) DEFAULT NULL,
  `id_posisi_mesin` varchar(20) DEFAULT NULL,
  `id_badan_pesawat` varchar(20) DEFAULT NULL,
  `id_jenis_ekor` varchar(20) DEFAULT NULL,
  `id_jenis_landing_gear` varchar(20) DEFAULT NULL,
  `id_canard` varchar(20) DEFAULT NULL,
  `id_persenjataan` varchar(20) DEFAULT NULL,
  `id_warna` varchar(20) DEFAULT NULL,
  `fusi_informasi` varchar(255) DEFAULT NULL
) ENGINE=InnoDB DEFAULT CHARSET=latin1 ROW_FORMAT=COMPACT;

--
-- Dumping data for table `tbl_pesawat_bak`
--

INSERT INTO `tbl_pesawat_bak` (`id_pesawat`, `nama_pesawat`, `id_jenis_pesawat`, `id_karakter_pesawat`, `id_jenis_sayap`, `id_jenis_penempatan_sayap`, `id_jumlah_sayap`, `id_arah_sayap`, `id_jenis_mesin`, `id_jumlah_mesin`, `id_posisi_mesin`, `id_badan_pesawat`, `id_jenis_ekor`, `id_jenis_landing_gear`, `id_canard`, `id_persenjataan`, `id_warna`, `fusi_informasi`) VALUES
(1, 'Chengdu J-7', 1, 2, '0000000000000010', '0000000000001000', '0000000001000000', '0000100000000000', '0000100000010000', '0000001001000000', '0001001100001000', '0000001000010000', '0000000100010000', '0100010000000000', '1001000100000010', '1000100010000000', '0011100000000000', '0111011110010000\r\n'),
(2, 'Chengdu J-10', 1, 2, '0000000000000010', '0000000000010000', '0000000001000000', '0010000000000000', '0000100000010000', '0000001001000000', '0001001100001000', '0000001000010000', '0000000100010000', '0100010000000000', '1010001000000100', '1000100010000000', '0010100000000000', '0111110010001110\r\n'),
(3, 'Chengdu J-20', 1, 2, '0000000000000010', '0000000000000100', '0000000001000000', '0010000000000000', '0000100000010000', '0000000110000000', '0001001100001000', '0000000100001000', '0000010000100100', '0100010000000000', '1010001000000100', '1000100010000000', '0110100000000000', '0011100101110110\r\n'),
(4, 'Shenyang J-8', 1, 2, '0000000000000010', '0000000000001000', '0000000001000000', '0010000000000000', '0000100000010000', '0000000110000000', '0001001100001000', '0000000100001000', '0000000100010000', '0100010000000000', '1001000100000010', '1000100010000000', '0011010000000000', '0101001101001000\r\n'),
(5, 'Shenyang J-11', 1, 2, '0000000000000010', '0000000000000100', '0000000001000000', '0000100000000000', '0000100000010000', '0000000110000000', '0001001100001000', '0000000100001000', '0000010000100100', '0100010000000000', '1001000100000010', '1000100010000000', '0011100000000000', '0111001001110000\r\n'),
(6, 'Shenyang J-16', 1, 2, '0000000000000010', '0000000000000100', '0000000001000000', '0000100000000000', '0000100000010000', '0000000110000000', '0001001100001000', '0000000100001000', '0000010000100100', '0100010000000000', '1001000100000010', '1000100010000000', '0011100000000000', '0111001001110000\r\n'),
(7, 'F-16 Fighting Falcon', 1, 2, '0000000000000010', '0000000000001000', '0000000001000000', '0000100000000000', '0000100000010000', '0000001001000000', '0001001100001000', '0000001000010000', '0000000100010000', '0100010000000000', '1001000100000010', '1000100010000000', '0100110000000000', '0000001110010000\r\n'),
(8, 'F-15E Strike Eagle', 1, 2, '0000000000000010', '0000000000000100', '0000000001000000', '0000100000000000', '0000100000010000', '0000000110000000', '0001001100001000', '0000000100001000', '0000010000100100', '0100010000000000', '1001000100000010', '1000100010000000', '0110100000000000', '0010001001110000\r\n'),
(9, 'F-35 Lightning II', 1, 2, '0000000000000010', '0000000000001000', '0000000001000000', '0000100000000000', '0000100000010000', '0000001001000000', '0001001100001000', '0000001000010000', '0000010000100100', '0100010000000000', '1001000100000010', '1000100010000000', '0110100000000000', '0010001010100100\r\n'),
(10, 'F-22 Raptor', 1, 2, '0000000000000010', '0000000000000100', '0000000001000000', '0010000000000000', '0000100000010000', '0000000110000000', '0001001100001000', '0000001000010000', '0000010000100100', '0100010000000000', '1001000100000010', '1000100010000000', '0110100000000000', '0000100101101000\r\n'),
(11, 'F-5 Freedom Fighter', 1, 2, '0000000000000010', '0000000000010000', '0000000001000000', '0000100000000000', '0000100000010000', '0000001001000000', '0001001100001000', '0000000100001000', '0000000100010000', '0100010000000000', '1001000100000010', '1000100010000000', '0100110000000000', '0000000010010000\r\n'),
(12, 'F-4 Phantom II', 1, 2, '0000000000000010', '0000000000010000', '0000000001000000', '0000100000000000', '0000100000010000', '0000001001000000', '0001001100001000', '0000001000010000', '0000000100010000', '0100010000000000', '1001000100000010', '1000100010000000', '0100110000000000', '0000001110001000\r\n'),
(13, 'Mikoyan MiG-29', 1, 2, '0000000000000010', '0000000000000100', '0000000001000000', '0000100000000000', '0000100000010000', '0000000110000000', '0001001100001000', '0000001000010000', '0000010000100100', '0100010000000000', '1001000100000010', '1000100010000000', '0100110000000000', '0000010101101000\r\n'),
(14, 'Mikoyan MiG-35', 1, 2, '0000000000000010', '0000000000000100', '0000000001000000', '0000100000000000', '0000100000010000', '0000000110000000', '0001001100001000', '0000001000010000', '0000010000100100', '0100010000000000', '1001000100000010', '1000100010000000', '0011100000000000', '0111000101101000\r\n'),
(15, 'Sukhoi Su-27', 1, 2, '0000000000000010', '0000000000000100', '0000000001000000', '0000100000000000', '0000100000010000', '0000000110000000', '0001001100001000', '0000001000010000', '0000010000100100', '0100010000000000', '1001000100000010', '1000100010000000', '0011100000000000', '0111000101101000\r\n'),
(16, 'Sukhoi Su-35', 1, 2, '0000000000000010', '0000000000000100', '0000000001000000', '0000100000000000', '0000100000010000', '0000000110000000', '0001001100001000', '0000001000010000', '0000010000100100', '0100010000000000', '1001000100000010', '1000100010000000', '0011100000000000', '0111000101101000\r\n'),
(17, 'Typhoon Fighter FGR-4', 1, 2, '0000000000000010', '0000000000010000', '0000000001000000', '0010000000000000', '0000100000010000', '0000000110000000', '0001001100001000', '0000001000010000', '0000000100010000', '0100010000000000', '1010001000000100', '1000100010000000', '0101010000000000', '0000001101001110\r\n'),
(18, 'Dassault Rafale', 1, 2, '0000000000000010', '0000000000010000', '0000000001000000', '0010000000000000', '0000100000010000', '0000000110000000', '0001001100001000', '0000001000010000', '0000000100010000', '0100010000000000', '1010001000000100', '1000100010000000', '0010100000000000', '0111111101001110\r\n'),
(19, 'Dassault Mirage 2000', 1, 2, '0000000000000010', '0000000000010000', '0000000001000000', '0010000000000000', '0000100000010000', '0000001001000000', '0001001100001000', '0000001000010000', '0000000100010000', '0100010000000000', '1001000100000010', '1000100010000000', '0011100000000000', '0101111110001000\r\n'),
(20, 'JF-17 Thunder', 1, 2, '0000000000000010', '0000000000001000', '0000000001000000', '0000100000000000', '0000100000010000', '0000001001000000', '0001001100001000', '0000001000010000', '0000000100010000', '0100010000000000', '1001000100000010', '1000100010000000', '0010100000000000', '0110011110010000\r\n'),
(21, 'Tu-160M Blackjack', 1, 2, '0000000000000010', '0000000000010000', '0000000001000000', '0000100000000000', '0000100000010000', '1000000110000010', '0010010010000100', '0000001000010000', '0000000100010000', '0100010000000000', '1001000100000010', '1000010001000000', '0011010000000000', '1100001100000110\r\n'),
(22, 'Sukhoi Su-57', 1, 2, '0000000000000010', '0000000000000100', '0000000001000000', '0010000000000000', '0000100000010000', '0000000110000000', '0001001100001000', '0000000100001000', '0000010000100100', '0100010000000000', '1001000100000010', '1000100010000000', '0011100000000000', '0101101001110000\r\n'),
(23, 'F-15C Eagle', 1, 2, '0000000000000010', '0000000000000100', '0000000001000000', '0000100000000000', '0000100000010000', '0000000110000000', '0001001100001000', '0000001000010000', '0000010000100100', '0100010000000000', '1001000100000010', '1000100010000000', '0110100000000000', '0010000101101000\r\n'),
(24, 'L-39 Albatros', 1, 2, '0000000000000010', '0000000000010000', '0000000001000000', '0000010000000000', '0000100000010000', '0000001001000000', '0001001100001000', '0000001000010000', '0000000100010000', '0100010000000000', '1001000100000010', '1000010001000000', '0100110000000000', '0000001101001000\r\n'),
(25, 'Tupolev Tu-22m', 1, 2, '0000000000000010', '0000000000010000', '0000000001000000', '0000100000000000', '0000100000010000', '0000001001000000', '0001001100001000', '0000000100001000', '0000000100010000', '0100010000000000', '1001000100000010', '1000100010000000', '0100110000000000', '0000000010010000\r\n'),
(26, 'Yakovlev Yak-130', 1, 2, '0000000000000010', '0000000000001000', '0000000001000000', '0000100000000000', '0000100000010000', '0000001001000000', '0001001100001000', '0000001000010000', '0000000100010000', '0100010000000000', '1001000100000010', '1000100010000000', '0110100000000000', '0010011110010000\r\n'),
(27, 'Shenyang J-31', 1, 2, '0000000000000010', '0000000000000100', '0000000001000000', '0000100000000000', '0000100000010000', '0000000110000000', '0001001100001000', '0000000100001000', '0000010000100100', '0100010000000000', '1001000100000010', '1000100010000000', '0110100000000000', '0010001001110000\r\n'),
(28, 'Shenyang J-15', 1, 2, '0000000000000010', '0000000000000100', '0000000001000000', '0000100000000000', '0000100000010000', '0000000110000000', '0001001100001000', '0000001000010000', '0000010000100100', '0100010000000000', '1001000100000010', '1000100010000000', '0010100000000000', '0110000101101000\r\n'),
(29, 'Xi\'an H-20', 1, 2, '0000000000000010', '0000000000001000', '0000000001000000', '0010000000000000', '0000100000010000', '0000000110000000', '0001001100001000', '0000000001000100', '1000000000100100', '0100010000000000', '1001000100000010', '1000100010000000', '0110100000000000', '1000111100110000\r\n'),
(30, 'Xi\'an H-6K', 1, 2, '0000000000000010', '0000000000001000', '0000000001000000', '0000100000000000', '0000100000010000', '0000001001000000', '0001001100001000', '0000001000010000', '0000000100010000', '0100010000000000', '1001000100000010', '1000100010000000', '0011010000000000', '0111101110010000\r\n'),
(31, 'Xi\'an JH-7', 1, 2, '0000000000000010', '0000000000000100', '0000000001000000', '0000100000000000', '0000100000010000', '0000000110000000', '0001001100001000', '0000001000010000', '0000000100010000', '0100010000000000', '1001000100000010', '1000100010000000', '0011010000000000', '0111100001011100\r\n'),
(32, 'Hongdu JL-15', 1, 2, '0000000000000010', '0000000000001000', '0000000001000000', '0000100000000000', '0000100000010000', '0000000110000000', '0001001100001000', '0000001000010000', '0000000100010000', '0100010000000000', '1001000100000010', '1000100010000000', '0011100000000000', '0111010001010000'),
(33, 'BAE System Hawk', 1, 2, '0000000000000010', '0000000000010000', '0000000001000000', '0000100000000000', '0000100000010000', '0000001001000000', '0001001100001000', '0000001000010000', '0000000100010000', '0100010000000000', '1001000100000010', '1000010001000000', '0110100000000000', '0010101101001000\r\n'),
(34, 'Dassault', 1, 2, '0000000000000010', '0000000000000100', '0000000001000000', '0000100000000000', '0000100000010000', '0000000110000000', '0000110001000000', '0000001000010000', '0000000100010000', '0100010000000000', '1001000100000010', '1000010001000000', '0110100000000000', '0011011111010100\r\n'),
(35, 'Jaguar', 1, 2, '0000000000000010', '0000000000000100', '0000000001000000', '0000100000000000', '0000100000010000', '0000000110000000', '0000110001000000', '0000001000010000', '0000000100010000', '0100010000000000', '1001000100000010', '1000100010000000', '0101010000000000', '0000011100010100\r\n'),
(36, 'Panavia Tornado', 1, 2, '0000000000000010', '0000000000000100', '0000000001000000', '0000100000000000', '0000100000010000', '0000000110000000', '0001001100001000', '0000001000010000', '0000000100010000', '0100010000000000', '1001000100000010', '1000100010000000', '0101010000000000', '0001100001011100\r\n'),
(37, 'T-38B Talon', 1, 2, '0000000000000010', '0000000000010000', '0000000001000000', '0000100000000000', '0000100000010000', '0000001001000000', '0001001100001000', '0000000100001000', '0000000100010000', '0100010000000000', '1001000100000010', '1000010001000000', '0110100000000000', '0010100001010000\r\n'),
(38, 'T-37C Tweet', 1, 2, '0000000000000010', '0000000000001000', '0000000001000000', '0000010000000000', '0010000000000100', '0000001001000000', '0001001100001000', '0000000100001000', '0000000100010000', '0100010000000000', '1001000100000010', '1000010001000000', '0101010000000000', '0011000001011100\r\n'),
(39, 'McDonnell Douglas F/A-18D Hornet', 1, 2, '0000000000000010', '0000000000000100', '0000000001000000', '0000100000000000', '0000100000010000', '0000000110000000', '0001001100001000', '0000001000010000', '0000010000100100', '0100010000000000', '1001000100000010', '1000100010000000', '0011010000000000', '0111110101101000\r\n'),
(40, 'Boeing C-17 Globemaster III', 1, 2, '0000000000000010', '0000000000000100', '0000000001000000', '0000100000000000', '0000100000010000', '1000000110000010', '0010010010000100', '0000000000100001', '0000001000100000', '0100010000000000', '1001000100000010', '1000010001000000', '0011010000000000', '1100001000010011\r\n'),
(41, 'Antonov An-124', 1, 1, '0000000000000010', '0000000000000100', '0000000001000000', '0000100000000000', '0000100000010000', '1000000110000010', '0010010010000100', '0000000000100001', '0000000100010000', '0100010000000000', '1001000100000010', '1000010001000000', '0000000001110000', '1111010101010010'),
(42, 'Antonov An-225', 1, 1, '0000000000000010', '0000000000000100', '0000000001000000', '0000100000000000', '0000100000010000', '1000000110000010', '0010010010000100', '0000000000100001', '0000000100010000', '0100010000000000', '1001000100000010', '1000010001000000', '0000000001110000', '1111010101010010'),
(43, 'Airbus A300', 1, 1, '0000000000000010', '0000000000010000', '0000000001000000', '0000100000000000', '0000100000010000', '0000000110000000', '0010010010000100', '0000000000100001', '0000000100010000', '0100010000000000', '1001000100000010', '1000010001000000', '0000000001110000', '0111010101000101'),
(44, 'ATR-72', 1, 1, '0000000000000010', '0000000000000100', '0000000001000000', '0000010000000000', '0001000000001000', '0000000110000000', '0010010010000100', '0000000000100001', '0000001000100000', '0100010000000000', '1001000100000010', '1000010001000000', '0000000001110000', '0110001001111001'),
(45, 'CN-235', 1, 1, '0000000000000010', '0000000000000100', '0000000001000000', '0000100000000000', '0001000000001000', '0000000110000000', '0010010010000100', '0000000000100001', '0000000100010000', '0100010000000000', '1001000100000010', '1000010001000000', '0000000001110000', '0110110101001001'),
(46, 'CASA C-212', 1, 1, '0000000000000010', '0000000000000100', '0000000001000000', '0000010000000000', '0001000000001000', '0000000110000000', '0010010010000100', '0000000000100001', '0000000100010000', '0100010000000000', '1001000100000010', '1000010001000000', '0000000001110000', '0110000101001001'),
(47, 'N-219', 1, 1, '0000000000000010', '0000000000000100', '0000000001000000', '0000010000000000', '0001000000001000', '0000000110000000', '0010010010000100', '0000000000100001', '0000000100010000', '0100010000000000', '1001000100000010', '1000010001000000', '0000000001110000', '0110000101001001'),
(48, 'N-250', 1, 1, '0000000000000010', '0000000000000100', '0000000001000000', '0000010000000000', '0001000000001000', '0000000110000000', '0010010010000100', '0000000000100001', '0000000100010000', '0100010000000000', '1001000100000010', '1000010001000000', '0000000001110000', '0110000101001001'),
(49, 'N-245', 1, 1, '0000000000000010', '0000000000000100', '0000000001000000', '0000100000000000', '0001000000001000', '0000000110000000', '0010010010000100', '0000000000100001', '0000000100010000', '0100010000000000', '1001000100000010', '1000010001000000', '0000000001110000', '0110110101001001'),
(50, 'Airbus A380', 1, 1, '0000000000000010', '0000000000010000', '0000000001000000', '0000100000000000', '0000100000010000', '1000000110000010', '0010010010000100', '0000000000100001', '0000000100010000', '0100010000000000', '1001000100000010', '1000010001000000', '0000000001110000', '1111010101000110'),
(51, 'Airbus A340 600', 1, 1, '0000000000000010', '0000000000010000', '0000000001000000', '0000100000000000', '0000100000010000', '1000000110000010', '0010010010000100', '0000000000100001', '0000000100010000', '0100010000000000', '1001000100000010', '1000010001000000', '0000000001110000', '1111010101000110'),
(52, 'Boeing 747 400', 1, 1, '0000000000000010', '0000000000010000', '0000000001000000', '0000100000000000', '0000100000010000', '1000000110000010', '0010010010000100', '0000000000100001', '0000000100010000', '0100010000000000', '1001000100000010', '1000010001000000', '0000000001110000', '1111010101000110'),
(53, 'Embraer 190', 1, 1, '0000000000000010', '0000000000010000', '0000000001000000', '0000100000000000', '0001000000001000', '0000000110000000', '0010010010000100', '0000000000100001', '0000000100010000', '0100010000000000', '1001000100000010', '1000010001000000', '0000000001110000', '0110110101011101'),
(54, 'Tupolev Tu-204', 1, 1, '0000000000000010', '0000000000010000', '0000000001000000', '0000100000000000', '0001000000001000', '0000000110000000', '0010010010000100', '0000000000100001', '0000000100010000', '0100010000000000', '1001000100000010', '1000010001000000', '0000000001110000', '0110110101011101'),
(55, 'NAMC YS-11', 1, 1, '0000000000000010', '0000000000010000', '0000000001000000', '0000010000000000', '0001000000001000', '0000000110000000', '0010010010000100', '0000000000100001', '0000000100010000', '0100010000000000', '1001000100000010', '1000010001000000', '0000000001110000', '0110000101011101'),
(56, 'DC-10', 1, 1, '0000000000000010', '0000000000010000', '0000000001000000', '0000100000000000', '0000100000010000', '1000000110000000', '0010010010000100', '0000000000100001', '0000000100010000', '0100010000000000', '1001000100000010', '1000010001000000', '0000000001110000', '1111010101000100'),
(57, 'DC-93', 1, 1, '0000000000000010', '0000000000010000', '0000000001000000', '0000100000000000', '0000100000010000', '0000000110000000', '0000011100100000', '0000000000100001', '0000001000100000', '0100010000000000', '1001000100000010', '1000010001000000', '0000000001110000', '0101010111010001'),
(58, 'MD-11', 1, 1, '0000000000000010', '0000000000010000', '0000000001000000', '0000100000000000', '0000100000010000', '1000000110000000', '0010010010000100', '0000000000100001', '0000000100010000', '0100010000000000', '1001000100000010', '1000010001000000', '0000000001110000', '1111010101000100'),
(59, 'MD-82', 1, 1, '0000000000000010', '0000000000010000', '0000000001000000', '0000100000000000', '0000100000010000', '0000000110000000', '0000011100100000', '0000000000100001', '0000001000100000', '0100010000000000', '1001000100000010', '1000010001000000', '0000000001110000', '0101010111010001'),
(60, 'Fokker F28', 1, 1, '0000000000000010', '0000000000010000', '0000000001000000', '0000100000000000', '0001000000001000', '0000000110000000', '0000011100100000', '0000000000100001', '0000001000100000', '0100010000000000', '1001000100000010', '1000010001000000', '0000000001110000', '0100110111001001'),
(61, 'Fokker F50', 1, 1, '0000000000000010', '0000000000000100', '0000000001000000', '0000010000000000', '0001000000001000', '0000000110000000', '0010010010000100', '0000000000100001', '0000000100010000', '0100010000000000', '1001000100000010', '1000010001000000', '0000000001110000', '0110000101001001'),
(62, 'Hawker Siddley HS 748', 1, 1, '0000000000000010', '0000000000010000', '0000000001000000', '0000010000000000', '0001000000001000', '0000000110000000', '0010010010000100', '0000000000100001', '0000000100010000', '0100010000000000', '1001000100000010', '1000010001000000', '0000000001110000', '0110000101011101'),
(63, 'Hawker 400', 1, 1, '0000000000000010', '0000000000010000', '0000000001000000', '0000100000000000', '0000100000010000', '0000000110000000', '0000011100100000', '0000000000100001', '0000001000100000', '0100010000000000', '1001000100000010', '1000010001000000', '0000000001110000', '0101010111010001'),
(64, 'Gulfstream G200', 1, 1, '0000000000000010', '0000000000010000', '0000000001000000', '0000100000000000', '0000100000010000', '0000000110000000', '0000011100100000', '0000000000100001', '0000010001000000', '0100010000000000', '1001000100000010', '1000010001000000', '0000000001110000', '0101001110110001'),
(65, 'Gulfstream 3', 1, 1, '0000000000000010', '0000000000010000', '0000000001000000', '0000100000000000', '0000100000010000', '0000000110000000', '0000011100100000', '0000000000100001', '0000001000100000', '0100010000000000', '1001000100000010', '1000010001000000', '0000000001110000', '0101010111010001'),
(66, 'Vickers VC-10', 1, 1, '0000000000000010', '0000000000010000', '0000000001000000', '0000100000000000', '0000100000010000', '1000000110000010', '0000011100100000', '0000000000100001', '0000001000100000', '0100010000000000', '1001000100000010', '1000010001000000', '0000000001110000', '1101010111010010'),
(67, 'Dassault Falcon 900', 1, 1, '0000000000000010', '0000000000010000', '0000000001000000', '0000100000000000', '0000100000010000', '1000000110000000', '0000011100100000', '0000000000100001', '0000010001000000', '0100010000000000', '1001000100000010', '1000010001000000', '0000000001110000', '0101001110110001'),
(68, 'Falcon 2000', 1, 1, '0000000000000010', '0000000000010000', '0000000001000000', '0000100000000000', '0000100000010000', '0000000110000000', '0000011100100000', '0000000000100001', '0000010001000000', '0100010000000000', '1001000100000010', '1000010001000000', '0000000001110000', '0101001110110001'),
(69, 'DHC-8', 1, 1, '0000000000000010', '0000000000000100', '0000000001000000', '0000010000000000', '0001000000001000', '0000000110000000', '0010010010000100', '0000000000100001', '0000001000100000', '0100010000000000', '1001000100000010', '1000010001000000', '0000000001110000', '0110001001111001'),
(70, 'Boeing 707', 1, 1, '0000000000000010', '0000000000010000', '0000000001000000', '0000100000000000', '0000100000010000', '1000000110000010', '0010010010000100', '0000000000100001', '0000000100010000', '0100010000000000', '1001000100000010', '1000010001000000', '0000000001110000', '1111010101000110'),
(71, 'Boeing 737 Classic', 1, 1, '0000000000000010', '0000000000010000', '0000000001000000', '0000100000000000', '0000100000010000', '0000000110000000', '0010010010000100', '0000000000100001', '0000000100010000', '0100010000000000', '1001000100000010', '1000010001000000', '0000000001110000', '0111010101000101'),
(72, 'DHC-6', 1, 1, '0000000000000010', '0000000000000100', '0000000001000000', '0000010000000000', '0001000000001000', '0000000110000000', '0010010010000100', '0000000000100001', '0000001000100000', '0100010000000000', '1001000100000010', '1000010001000000', '0000000001110000', '0110001001111001'),
(73, 'Douglas DC-3', 1, 1, '0000000000000010', '0000000000010000', '0000000001000000', '0000010000000000', '0001000000001000', '0000000110000000', '0010010010000100', '0000000000100001', '0000000100010000', '0100010000000000', '1001000100000010', '1000010001000000', '0000000001110000', '0110000101011101'),
(74, 'McDonnell Douglas DC-10', 1, 1, '0000000000000010', '0000000000010000', '0000000001000000', '0000100000000000', '0000100000010000', '1000000110000000', '0010010010000100', '0000000000100001', '0000000100010000', '0100010000000000', '1001000100000010', '1000010001000000', '0000000001110000', '1111010101000100'),
(75, 'McDonnell Douglas MD-82', 1, 1, '0000000000000010', '0000000000010000', '0000000001000000', '0000100000000000', '0000100000010000', '0000000110000000', '0010010010000100', '0000000000100001', '0000000100010000', '0100010000000000', '1001000100000010', '1000010001000000', '0000000001110000', '0111010101000101'),
(76, 'AH-64 Apache Longbow', 2, 2, '0000000000000001', '0000000000100000', '0000001000000000', '0100000000000000', '0000010000100000', '0000001001000000', '0000000100000011', '0000000010001000', '0010001000000000', '1000100000000000', '1001000100000010', '1000100010000000', '0110100000000000', '1001111001001000\r\n'),
(77, 'AS32 Super Puma', 2, 2, '0000000000000001', '0000000000100000', '0000001000000000', '0100000000000000', '0000010000100000', '0000001001000000', '0000010010000001', '0000000010001000', '0010001000000000', '1000100000000000', '1001000100000010', '1000010001000000', '0100110000000000', '1011001100001010\r\n'),
(78, 'AW101 Merlin', 2, 2, '0000000000000001', '0000000000100000', '0000001000000000', '0100000000000000', '0000010000100000', '0000001001000000', '0000010010000001', '0000000010001000', '0010001000000000', '0100010000000000', '1001000100000010', '1000010001000000', '0100110000000000', '0111111100001010\r\n'),
(79, 'AW109 Power', 2, 2, '0000000000000001', '0000000000100000', '0000001000000000', '0100000000000000', '0000010000100000', '0000001001000000', '0000010010000001', '0000000010001000', '0010001000000000', '1000100000000000', '1001000100000010', '1000010001000000', '0011010000000000', '1100101100001010\r\n'),
(80, 'A129 Mangusta', 2, 2, '0000000000000001', '0000000000100000', '0000001000000000', '0100000000000000', '0000010000100000', '0000001001000000', '0000000100000011', '0000000010001000', '0010001000000000', '1000100000000000', '1001000100000010', '1000100010000000', '0110100000000000', '1001111001001000\r\n'),
(81, 'Chinook CH-47F', 2, 2, '0000000000000001', '0000000000100000', '0000001000000000', '0100000000000000', '0000010000100000', '0000000110000000', '0000100011010000', '0000000010001000', '0000011010000001', '1000100000000000', '1001000100000010', '1000010001000000', '0100110000000000', '1001100000011010\r\n'),
(82, 'Sikorsky S-70A', 2, 2, '0000000000000001', '0000000000100000', '0000001000000000', '0100000000000000', '0000010000100000', '0000001001000000', '0000010010000001', '0000000010001000', '0010001000000000', '1000100000000000', '1001000100000010', '1000100010000000', '0100110000000000', '1011111111001010\r\n'),
(83, 'Kamov KA-50 Black Shark', 2, 2, '0000000000000001', '0000000000100000', '0000001000000000', '0100000000000000', '0000010000100000', '0000001001000000', '0000000100000011', '0000000010001000', '0000000100010000', '0100010000000000', '1001000100000010', '1000100010000000', '0110100000000000', '0111000101011000\r\n'),
(84, 'Kamov KA-52 Alligator', 2, 2, '0000000000000001', '0000000000100000', '0000001000000000', '0100000000000000', '0000010000100000', '0000001001000000', '0000000100000011', '0000000010001000', '0000000100010000', '0100010000000000', '1001000100000010', '1000100010000000', '0101010000000000', '0100110101011000\r\n'),
(85, 'NH90', 2, 2, '0000000000000001', '0000000000100000', '0000001000000000', '0100000000000000', '0000010000100000', '0000001001000000', '0000000000000011', '0000000010001000', '0010001000000000', '1000100000000000', '1001000100000010', '1000010001000000', '0010100000000000', '1101001110001000\r\n'),
(86, 'Sea King S-61', 2, 2, '0000000000000001', '0000000000100000', '0000001000000000', '0100000000000000', '0000010000100000', '0000001001000000', '0000000000000011', '0000000010001000', '0010001000000000', '0100010000000000', '1001000100000010', '1000010001000000', '0100110000000000', '0111101110001000\r\n'),
(87, 'Sikorsky S-76', 2, 2, '0000000000000001', '0000000000100000', '0000001000000000', '0100000000000000', '0000010000100000', '0000001001000000', '0000000000000011', '0000000010001000', '0010001000000000', '1000100000000000', '1001000100000010', '1000010001000000', '0110100000000000', '1001001110001000\r\n'),
(88, 'Bell UH-1 Iroquois', 2, 2, '0000000000000001', '0000000000100000', '0000001000000000', '0100000000000000', '0000010000100000', '0000001001000000', '0000010010000001', '0000000010001000', '0010001000000000', '1100010000001000', '1001000100000010', '1000010001000000', '0100110000000000', '1111111100000010\r\n'),
(89, 'Bell AH-1W Super Cobra', 2, 2, '0000000000000001', '0000000000100000', '0000001000000000', '0100000000000000', '0000010000100000', '0000001001000000', '0000010010000001', '0000000010001000', '0010001000000000', '1100010000001000', '1001000100000010', '1000100010000000', '0010100000000000', '1001011111000010\r\n'),
(90, 'Sikorsky HH-60P Pave Hawk', 2, 2, '0000000000000001', '0000000000100000', '0000001000000000', '0100000000000000', '0000010000100000', '0000001001000000', '0000010010000001', '0000000010001000', '0010001000000000', '1000100000000000', '1001000100000010', '1000010001000000', '0110100000000000', '1001011100001010\r\n'),
(91, 'Sikorsky UH-60M Black Hawk', 2, 2, '0000000000000001', '0000000000100000', '0000001000000000', '0100000000000000', '0000010000100000', '0000001001000000', '0000010010000001', '0000000010001000', '0010001000000000', '1000100000000000', '1001000100000010', '1000010001000000', '0110100000000000', '1001011100001010\r\n'),
(92, 'KA-52M', 2, 2, '0000000000000001', '0000000000100000', '0000001000000000', '0100000000000000', '0000010000100000', '0000001001000000', '0000000100000011', '0000000010001000', '0000000100010000', '0100010000000000', '1001000100000010', '1000100010000000', '0101010000000000', '0100110101011000\r\n'),
(93, 'UH-72A Lakota', 2, 2, '0000000000000001', '0000000000100000', '0000001000000000', '0100000000000000', '0000010000100000', '0000001001000000', '0000010010000001', '0000000010001000', '0010001000000000', '1100010000001000', '1001000100000010', '1000010001000000', '0110100000000000', '1101101100000010\r\n'),
(94, 'Yakovlev Yak-24U', 2, 2, '0000000000000001', '0000000000100000', '0000001000000000', '0100000000000000', '0000010000100000', '0000000110000000', '0000100011010000', '0000000010001000', '0000011010000001', '1000100000000000', '1001000100000010', '1000010001000000', '0100110000000000', '1001100000011010\r\n'),
(95, 'PZL-Swidnik Mi-2', 2, 2, '0000000000000001', '0000000000100000', '0000001000000000', '0100000000000000', '0000010000100000', '0000001001000000', '0000010010000001', '0000000010001000', '0010001000000000', '0100010000000000', '1001000100000010', '1000010001000000', '0100110000000000', '0111111100001010\r\n'),
(96, 'Bell AH-1S Cobra', 2, 2, '0000000000000001', '0000000000100000', '0000001000000000', '0100000000000000', '0000010000100000', '0000001001000000', '0000010010000001', '0000000010001000', '0010001000000000', '1100010000001000', '1001000100000010', '1000100010000000', '0101010000000000', '1110101111000010\r\n'),
(97, 'Mil Mi 24P', 2, 2, '0000000000000001', '0000000000100000', '0000001000000000', '0100000000000000', '0000010000100000', '0000001001000000', '0000010010000001', '0000000010001000', '0010001000000000', '0100010000000000', '1001000100000010', '1000100010000000', '0100110000000000', '0111001111001010\r\n'),
(98, 'Boeing CH-47D Chinook', 2, 2, '0000000000000001', '0000000000100000', '0000001000000000', '0100000000000000', '0000010000100000', '0000000110000000', '0000100011010000', '0000000010001000', '0000011010000001', '1000100000000000', '1001000100000010', '1000010001000000', '0100110000000000', '1001100000011010\r\n'),
(99, 'Mil Mi 8MTV-2', 2, 2, '0000000000000001', '0000000000100000', '0000001000000000', '0100000000000000', '0000010000100000', '0000001001000000', '0000000100000011', '0000000010001000', '0010001000000000', '1000100000000000', '1001000100000010', '1000100010000000', '0100110000000000', '1011101001001000\r\n'),
(100, 'Sikorsky UH-60A Black Hawk', 2, 2, '0000000000000001', '0000000000100000', '0000001000000000', '0100000000000000', '0000010000100000', '0000001001000000', '0000000100000011', '0000000010001000', '0010001000000000', '1000100000000000', '1001000100000010', '1000010001000000', '0110100000000000', '1001001010001000\r\n'),
(101, 'Boeing CH-47F Chinook', 2, 2, '0000000000000001', '0000000000100000', '0000001000000000', '0100000000000000', '0000010000100000', '0000000110000000', '0000100011010000', '0000000010001000', '0000011010000001', '0100010000000000', '1001000100000010', '1000010001000000', '0100110000000000', '0101010000011010\r\n'),
(102, 'Eurocopter AS-532U2 Cougar Mk2', 2, 2, '0000000000000001', '0000000000100000', '0000001000000000', '0100000000000000', '0000010000100000', '0000001001000000', '0000010010000001', '0000000010001000', '0010001000000000', '0100010000000000', '1001000100000010', '1000010001000000', '0100110000000000', '0111111100001010\r\n'),
(103, 'Westland WS-61 Sea King Mk48', 2, 2, '0000000000000001', '0000000000100000', '0000001000000000', '0100000000000000', '0000010000100000', '0000001001000000', '0000000100000011', '0000000010001000', '0010001000000000', '1000100000000000', '1001000100000010', '1000010001000000', '0101010000000000', '1010111010001000\r\n'),
(104, 'Westland WAH-64D Longbow Apache AH1', 2, 2, '0000000000000001', '0000000000100000', '0000001000000000', '0100000000000000', '0000010000100000', '0000001001000000', '0000000100000011', '0000000010001000', '0010001000000000', '1000100000000000', '1001000100000010', '1000100010000000', '0110100000000000', '1001111001001000\r\n'),
(105, 'Sikorsky S-70C(M)-2 Thunderhawk', 2, 2, '0000000000000001', '0000000000100000', '0000001000000000', '0100000000000000', '0000010000100000', '0000001001000000', '0000010010000001', '0000000010001000', '0010001000000000', '1000100000000000', '1001000100000010', '1000010001000000', '0011100000000000', '1100011100001010\r\n'),
(106, 'Agusta A-109CM', 2, 2, '0000000000000001', '0000000000100000', '0000001000000000', '0100000000000000', '0000010000100000', '0000001001000000', '0000010010000001', '0000000010001000', '0010001000000000', '1000100000000000', '1001000100000010', '1000010001000000', '0100110000000000', '1011001100001010\r\n'),
(107, 'Bell UH-1H Huey II', 2, 2, '0000000000000001', '0000000000100000', '0000001000000000', '0100000000000000', '0000010000100000', '0000001001000000', '0000000100000011', '0000000010001000', '0010001000000000', '1100010000001000', '1001000100000010', '1000010001000000', '0011010000000000', '1000001010000000\r\n'),
(108, 'Mil Mi-8MT', 2, 2, '0000000000000001', '0000000000100000', '0000001000000000', '0100000000000000', '0000010000100000', '0000001001000000', '0000010010000001', '0000000010001000', '0010001000000000', '1000100000000000', '1001000100000010', '1000010001000000', '0100110000000000', '1011001100001010\r\n'),
(109, 'Agusta HH-3F', 2, 2, '0000000000000001', '0000000000100000', '0000001000000000', '0100000000000000', '0000010000100000', '0000001001000000', '0000010010000001', '0000000010001000', '0010001000000000', '1000100000000000', '1001000100000010', '1000010001000000', '0110100000000000', '1001011100001010\r\n'),
(110, 'AgustaWestland HH-139A', 2, 2, '0000000000000001', '0000000000100000', '0000001000000000', '0100000000000000', '0000010000100000', '0000001001000000', '0000010010000001', '0000000010001000', '0010001000000000', '1000100000000000', '1001000100000010', '1000010001000000', '0110100000000000', '1001011100001010\r\n'),
(111, 'Westland WG-13 Lynx AH7', 2, 2, '0000000000000001', '0000000000100000', '0000001000000000', '0100000000000000', '0000010000100000', '0000001001000000', '0000000100000011', '0000000010001000', '0010001000000000', '1100010000001000', '1001000100000010', '1000010001000000', '0100110000000000', '1111101010000000\r\n'),
(112, 'Sikorsky CH-53E Super Stallion', 2, 2, '0000000000000001', '0000000000100000', '0000001000000000', '0100000000000000', '0000010000100000', '0000001001000000', '0000000100000011', '0000000010001000', '0010001000000000', '1000100000000000', '1001000100000010', '1000010001000000', '0010100000000000', '1101001010001000\r\n'),
(113, 'Agusta AB-47J Ranger', 2, 2, '0000000000000001', '0000000000100000', '0000001000000000', '0100000000000000', '0000010000100000', '0000001001000000', '0000000100000011', '0000000010001000', '0010001000000000', '1100010000001000', '1001000100000010', '1000010001000000', '0100110000000000', '1111101010000000\r\n'),
(114, 'Aerospatiale TP-1 Oryx M', 2, 2, '0000000000000001', '0000000000100000', '0000001000000000', '0100000000000000', '0000010000100000', '0000001001000000', '0000010010000001', '0000000010001000', '0010001000000000', '0100010000000000', '1001000100000010', '1000010001000000', '0100110000000000', '0111111100001010\r\n'),
(115, 'Kazan Ansat-U', 2, 2, '0000000000000001', '0000000000100000', '0000001000000000', '0100000000000000', '0000010000100000', '0000001001000000', '0000010010000001', '0000000010001000', '0010001000000000', '1000100000000000', '1001000100000010', '1000010001000000', '0100110000000000', '1011001100001010\r\n'),
(116, 'Eurocopter EC-135', 2, 1, '0000000000000001', '0000000000100000', '0000001000000000', '0100000000000000', '0000010000100000', '0000000110000000', '0000000000000011', '0000000010001000', '0010001000000000', '1100010000001000', '1001000100000010', '1000010001000000', '0000000001110000', '1011010000110000'),
(117, 'Bell 430', 2, 1, '0000000000000001', '0000000000100000', '0000001000000000', '0100000000000000', '0000010000100000', '0000000110000000', '0000010010000001', '0000000010001000', '0010001000000000', '0100010000000000', '1001000100000010', '1000010001000000', '0000000001110000', '0011000010111010'),
(118, 'Agusta-Bell 412 Grifone', 2, 1, '0000000000000001', '0000000000100000', '0000001000000000', '0100000000000000', '0000010000100000', '0000000110000000', '0000010010000001', '0000000010001000', '0010001000000000', '1100010000001000', '1001000100000010', '1000010001000000', '0000000001110000', '1011000010110010'),
(119, 'Bell 230', 2, 1, '0000000000000001', '0000000000100000', '0000001000000000', '0100000000000000', '0000010000100000', '0000000110000000', '0000010010000001', '0000000010001000', '0010001000000000', '0100010000000000', '1001000100000010', '1000010001000000', '0000000001110000', '0011000010111010'),
(120, 'Bell JetRanger', 2, 1, '0000000000000001', '0000000000100000', '0000001000000000', '0100000000000000', '0000010000100000', '0000001001000000', '0000010010000001', '0000000010001000', '0010001000000000', '1100010000001000', '1001000100000010', '1000010001000000', '0000000001110000', '1011001101110010'),
(121, 'Bell Supertransport', 2, 1, '0000000000000001', '0000000000100000', '0000001000000000', '0100000000000000', '0000010000100000', '0000000110000000', '0000010010000001', '0000000010001000', '0010001000000000', '1100010000001000', '1001000100000010', '1000010001000000', '0000000001110000', '1011000010110010'),
(122, 'Robinson R44', 2, 1, '0000000000000001', '0000000000100000', '0000001000000000', '0100000000000000', '0000010000100000', '0000001001000000', '0000010010000001', '0000000010001000', '0010001000000000', '1100010000001000', '1001000100000010', '1000010001000000', '0000000001110000', '1011001101110010'),
(123, 'Sikorsky S-76', 2, 1, '0000000000000001', '0000000000100000', '0000001000000000', '0100000000000000', '0000010000100000', '0000000110000000', '0000010010000001', '0000000010001000', '0010001000000000', '0100010000000000', '1001000100000010', '1000010001000000', '0000000001110000', '0011000010111010'),
(124, 'Enstrom F-28', 2, 1, '0000000000000001', '0000000000100000', '0000001000000000', '0100000000000000', '0000010000100000', '0000001001000000', '0000000100000011', '0000000010001000', '0010001000000000', '1100010000001000', '1001000100000010', '1000010001000000', '0000000001110000', '1011011011110000'),
(125, 'Eurocopter AS350', 2, 1, '0000000000000001', '0000000000100000', '0000001000000000', '0100000000000000', '0000010000100000', '0000001001000000', '0000010010000001', '0000000010001000', '0010001000000000', '1100010000001000', '1001000100000010', '1000010001000000', '0000000001110000', '1011001101110010'),
(126, 'Eurocopter EC120 Colibri', 2, 1, '0000000000000001', '0000000000100000', '0000001000000000', '0100000000000000', '0000010000100000', '0000001001000000', '0000010010000001', '0000000010001000', '0010001000000000', '1100010000001000', '1001000100000010', '1000010001000000', '0000000001110000', '1011001101110010'),
(127, 'NBK 117', 2, 1, '0000000000000001', '0000000000100000', '0000001000000000', '0100000000000000', '0000010000100000', '0000000110000000', '0000010010000001', '0000000010001000', '0010001000000000', '1100010000001000', '1001000100000010', '1000010001000000', '0000000001110000', '1011000010110010'),
(128, 'Bell 212', 2, 1, '0000000000000001', '0000000000100000', '0000001000000000', '0100000000000000', '0000010000100000', '0000001001000000', '0000010010000001', '0000000010001000', '0010001000000000', '1100010000001000', '1001000100000010', '1000010001000000', '0000000001110000', '1011001101110010'),
(129, 'Bell 407', 2, 1, '0000000000000001', '0000000000100000', '0000001000000000', '0100000000000000', '0000010000100000', '0000001001000000', '0000010010000001', '0000000010001000', '0010001000000000', '1100010000001000', '1001000100000010', '1000010001000000', '0000000001110000', '1011001101110010'),
(130, 'Agusta A109', 2, 1, '0000000000000001', '0000000000100000', '0000001000000000', '0100000000000000', '0000010000100000', '0000000110000000', '0000010010000001', '0000000010001000', '0010001000000000', '0100010000000000', '1001000100000010', '1000010001000000', '0000000001110000', '0011000010111010'),
(131, 'Eurocopter EC145', 2, 1, '0000000000000001', '0000000000100000', '0000001000000000', '0100000000000000', '0000010000100000', '0000000110000000', '0000010010000001', '0000000010001000', '0000010000100100', '1100010000001000', '1001000100000010', '1000010001000000', '0000000001110000', '1001011010010110'),
(132, 'Eurocopter EC130', 2, 1, '0000000000000001', '0000000000100000', '0000001000000000', '0100000000000000', '0000010000100000', '0000001001000000', '0000010010000001', '0000000010001000', '0010001000000000', '1100010000001000', '1001000100000010', '1000010001000000', '0000000001110000', '1011001101110010'),
(133, 'Hughes 369', 2, 1, '0000000000000001', '0000000000100000', '0000001000000000', '0100000000000000', '0000010000100000', '0000001001000000', '0000010010000001', '0000000010001000', '0010001000000000', '1100010000001000', '1001000100000010', '1000010001000000', '0000000001110000', '1011001101110010'),
(134, 'Mil Mi-34 Hermit', 2, 1, '0000000000000001', '0000000000100000', '0000001000000000', '0100000000000000', '0000010000100000', '0000001001000000', '0000000100000011', '0000000010001000', '0010001000000000', '1100010000001000', '1001000100000010', '1000010001000000', '0000000001110000', '1011011011110000'),
(135, 'MD Explorer', 2, 1, '0000000000000001', '0000000000100000', '0000001000000000', '0100000000000000', '0000010000100000', '0000000110000000', '0000010010000001', '0000000010001000', '0000010000100100', '1100010000001000', '1001000100000010', '1000010001000000', '0000000001110000', '1001011010010110'),
(136, 'Ansat', 2, 1, '0000000000000001', '0000000000100000', '0000001000000000', '0100000000000000', '0000010000100000', '0000000110000000', '0000010010000001', '0000000010001000', '0010001000000000', '1100010000001000', '1001000100000010', '1000010001000000', '0000000001110000', '1011000010110010'),
(137, 'Bell 412', 2, 1, '0000000000000001', '0000000000100000', '0000001000000000', '0100000000000000', '0000010000100000', '0000000110000000', '0000010010000001', '0000000010001000', '0010001000000000', '1100010000001000', '1001000100000010', '1000010001000000', '0000000001110000', '1011000010110010'),
(138, 'Sikorsky S-92', 2, 1, '0000000000000001', '0000000000100000', '0000001000000000', '0100000000000000', '0000010000100000', '0000000110000000', '0000010010000001', '0000000010001000', '0010001000000000', '0100010000000000', '1001000100000010', '1000010001000000', '0000000001110000', '0011000010111010'),
(139, 'Agusta W169', 2, 1, '0000000000000001', '0000000000100000', '0000001000000000', '0100000000000000', '0000010000100000', '0000000110000000', '0000000000000011', '0000000010001000', '0010001000000000', '0100010000000000', '1001000100000010', '1000010001000000', '0000000001110000', '0011010000111000'),
(140, 'Aeropastiale AS-355', 2, 1, '0000000000000001', '0000000000100000', '0000001000000000', '0100000000000000', '0000010000100000', '0000000110000000', '0000000000000011', '0000000010001000', '0010001000000000', '1100010000001000', '1001000100000010', '1000010001000000', '0000000001110000', '1011010000110000'),
(141, 'Airbus Helicopter H225', 2, 1, '0000000000000001', '0000000000100000', '0000001000000000', '0100000000000000', '0000010000100000', '0000000110000000', '0000010010000001', '0000000010001000', '0010001000000000', '1000100000000000', '1001000100000010', '1000010001000000', '0000000001110000', '1111110010111010'),
(142, 'Airbus Helicopter EC-120 Colibri', 2, 1, '0000000000000001', '0000000000100000', '0000001000000000', '0100000000000000', '0000010000100000', '0000001001000000', '0000010010000001', '0000000010001000', '0010001000000000', '1100010000001000', '1001000100000010', '1000010001000000', '0000000001110000', '1011001101110010'),
(143, 'Airbus Helicopter H175', 2, 1, '0000000000000001', '0000000000100000', '0000001000000000', '0100000000000000', '0000010000100000', '0000000110000000', '0000010010000001', '0000000010001000', '0010001000000000', '0100010000000000', '1001000100000010', '1000010001000000', '0000000001110000', '0011000010111010'),
(144, 'Avicopter AC313', 2, 1, '0000000000000001', '0000000000100000', '0000001000000000', '0100000000000000', '0000010000100000', '1000000110000000', '0000010010000001', '0000000010001000', '0010001000000000', '0100010000000000', '1001000100000010', '1000010001000000', '0000000001110000', '1011000010111010'),
(145, 'Cicare CH-7', 2, 1, '0000000000000001', '0000000000100000', '0000001000000000', '0100000000000000', '0000010000100000', '0000001001000000', '0000000100000011', '0000000010001000', '0010001000000000', '1100010000001000', '1001000100000010', '1000010001000000', '0000000001110000', '1011011011110000'),
(146, 'CH-77 Ranabot', 2, 1, '0000000000000001', '0000000000100000', '0000001000000000', '0100000000000000', '0000010000100000', '0000001001000000', '0000000100000011', '0000000010001000', '0010001000000000', '1100010000001000', '1001000100000010', '1000010001000000', '0000000001110000', '1011011011110000'),
(147, 'Guimbal Cabri G2', 2, 1, '0000000000000001', '0000000000100000', '0000001000000000', '0100000000000000', '0000010000100000', '0000001001000000', '0000000100000011', '0000000010001000', '0010001000000000', '1100010000001000', '1001000100000010', '1000010001000000', '0000000001110000', '1011011011110000'),
(148, 'Sikorsky S-434', 2, 1, '0000000000000001', '0000000000100000', '0000001000000000', '0100000000000000', '0000010000100000', '0000001001000000', '0000000100000011', '0000000010001000', '0010001000000000', '1100010000001000', '1001000100000010', '1000010001000000', '0000000001110000', '1011011011110000'),
(149, 'Schweizer 330', 2, 1, '0000000000000001', '0000000000100000', '0000001000000000', '0100000000000000', '0000010000100000', '0000001001000000', '0000000100000011', '0000000010001000', '0010001000000000', '1100010000001000', '1001000100000010', '1000010001000000', '0000000001110000', '1011011011110000'),
(150, 'Airbus Helicopter H135 Helionix', 2, 1, '0000000000000001', '0000000000100000', '0000001000000000', '0100000000000000', '0000010000100000', '0000000110000000', '0000010010000001', '0000000010001000', '0010001000000000', '1100010000001000', '1001000100000010', '1000010001000000', '0000000001110000', '1011000010110010'),
(154, 'V-22 Osprey', 1, 2, '0000000000000010', '0000000000000100', '0000000001000000', '0000010000000000', '0000010000100000', '0000000110000000', '0010010010000100', '0000000000100001', '0000100010000000', '0100010000000000', '1001000100000010', '1000100010000000', '0011010000000000', '0100010001000001'),
(155, 'Northrop Grumman B-2 Spirit', 1, 2, '0000000000000010', '0000000000010000', '0000000001000000', '0000100000000000', '0000100000010000', '1000000110000010', '0000110001000000', '0000000001000100', '1000000000100100', '0100010000000000', '1001000100000010', '1000100010000000', '0110100000000000', '0011100001100010'),
(156, 'F-117', 1, 2, '0000000000000010', '0000000000010000', '0000000001000000', '0000100000000000', '0000100000010000', '0000000110000000', '0000110001000000', '0000000001000100', '0001000100000000', '0100010000000000', '1001000100000010', '1000100010000000', '0110100000000000', '0010100101000100'),
(157, 'F-18', 1, 2, '0000000000000010', '0000000000001000', '0000000001000000', '0000100000000000', '0000100000010000', '0000000110000000', '0001001100001000', '0000001000010000', '0000010000100100', '0100010000000000', '1001000100000010', '1000100010000000', '0011010000000000', '0111110101100100'),
(158, 'EMB 314/A-29 Super Tucano', 1, 2, '0000000000000010', '0000000000010000', '0000000001000000', '0000010000000000', '0001000000001000', '0000001001000000', '0000011100100000', '0000001000010000', '0000000100010000', '0100010000000000', '1001000100000010', '1000100010000000', '0100110000000000', '0000001110111000');

-- --------------------------------------------------------

--
-- Table structure for table `tbl_spesifik`
--

CREATE TABLE `tbl_spesifik` (
  `id_spesifik` int(11) NOT NULL,
  `id_karakteristik` int(11) DEFAULT NULL,
  `kode_spesifik` varchar(4) DEFAULT NULL,
  `spesifik` varchar(255) DEFAULT NULL,
  `bit_spesifik` varchar(255) DEFAULT NULL
) ENGINE=InnoDB DEFAULT CHARSET=latin1 ROW_FORMAT=COMPACT;

--
-- Dumping data for table `tbl_spesifik`
--

INSERT INTO `tbl_spesifik` (`id_spesifik`, `id_karakteristik`, `kode_spesifik`, `spesifik`, `bit_spesifik`) VALUES
(2, 2, 'RW', 'Rotary Wings', '0000000000000001'),
(3, 2, 'FW', 'Fixed Wings', '0000000000000010'),
(4, 3, 'HW', 'High Wings', '0000000000000100'),
(5, 3, 'MW', 'Mid Wings', '0000000000001000'),
(6, 3, 'LW', 'Low Wings', '0000000000010000'),
(7, 3, 'NP', 'Don\'t Have Wing Placement', '0000000000100000'),
(8, 4, 'MP', 'Monoplane', '0000000001000000'),
(9, 4, 'BP', 'Biplane', '0000000010000000'),
(10, 4, 'TP', 'Triplane', '0000000100000000'),
(11, 4, 'NW', 'Don\'t Have Wing', '0000001000000000'),
(12, 5, 'SW', 'Straight Wings', '0000010000000000'),
(13, 5, 'BW', 'Sweptback Wings', '0000100000000000'),
(14, 5, 'FS', 'Forward Swept Wings', '0001000000000000'),
(15, 5, 'DW', 'Delta Wings', '0010000000000000'),
(16, 5, 'TW', 'Rotor Wings', '0100000000000000'),
(17, 5, 'ND', 'Don\'t Have Wing Direction', '1000000000000000'),
(18, 6, 'PS', 'Piston', '0100000000000001'),
(19, 6, 'TJ', 'Turbo Jet', '0010000000000100'),
(20, 6, 'UP', 'Turbo Prop', '0001000000001000'),
(21, 6, 'TF', 'Turbo Fan', '0000100000010000'),
(22, 6, 'TS', 'Turbo Shaft', '0000010000100000'),
(23, 7, 'OM', '1 (One Machine)', '0000001001000000'),
(24, 7, 'TM', '2 (Two Machine)', '0000000110000000'),
(25, 7, 'RM', '3 (Three Machine)', '1000000110000000'),
(26, 7, 'FM', '4 (Four Machine)', '1000000110000010'),
(27, 7, 'VM', '5 (Five Machine)', '1000001001000010'),
(28, 7, 'SM', '6 (Six Machine)', '0100001001000010'),
(29, 8, 'OW', 'On The Wing', '0010010010000100'),
(30, 8, 'BF', 'Behind Fuselage', '0001001100001000'),
(31, 8, 'AF', 'Above Fuselage', '0000100011010000'),
(32, 8, '', 'Behind Cabin', '0000000100000011'),
(33, 8, '', 'Above Cabin', '0000010010000001'),
(34, 8, '', 'In Fuselage', '0000000000000011'),
(35, 8, 'FF', 'Front Fuselage', '0000011100100000'),
(36, 8, 'CF', 'Close to the Fuselage', '0000110001000000'),
(37, 9, 'SB', 'Subsonic', '0000001000010000'),
(38, 9, 'SP', 'Supersonic', '0000000100001000'),
(39, 9, 'CS', 'High-Capacity Subsonic', '0000000010000100'),
(40, 9, 'MS', 'High-maneuverability Supersonic', '0000000001000010'),
(41, 9, 'FB', 'Flying Boat', '0000000000100001'),
(42, 9, 'HP', 'Hypersonic', '0000000001000100'),
(43, 9, 'DF', 'Dragonfly', '0000000010001000'),
(44, 10, 'CL', 'Conventional Tail', '0000000100010000'),
(45, 10, 'WL', 'Twin Tail', '0000010000100100'),
(46, 10, 'TL', 'T-Tail', '0000001000100000'),
(47, 10, 'CT', 'Cruciform Tail', '0000010001000000'),
(48, 10, 'HT', 'H-Tail', '0000100010000000'),
(49, 10, 'VT', 'V-Tail', '0001000100000000'),
(50, 10, '', 'No Tail (double main rotor)', '0000011010000001'),
(51, 10, 'TR', 'Tail Rotor', '0010001000000000'),
(52, 10, 'DL ', 'Dont have Tail', '1000000000100100'),
(53, 11, 'FH', 'Folded Wheels', '0100010000000000'),
(54, 11, 'NF', 'Wheels not folded', '1000100000000000'),
(55, 11, 'SD', 'Skids', '1100010000001000'),
(56, 12, 'HC', 'Have Canard', '1010001000000100'),
(57, 12, 'NC', 'Don\'t Have Canard', '1001000100000010'),
(58, 13, 'HE', 'Have Weaponary', '1000100010000000'),
(59, 13, 'NE', 'Don\'t Have Weaponary', '1000010001000000'),
(60, 14, 'LR', 'Loreng Biru', '0011100000000000'),
(61, 14, 'TR', 'Warna Komersil', '0000000001110000'),
(62, 14, 'LB', 'Loreng Abu-abu', '0010100000000000'),
(63, 14, 'HM', 'Hitam', '0110100000000000'),
(64, 14, 'AB', 'Abu-abu', '0011010000000000'),
(65, 14, 'LH', 'Loreng Hijau', '0100110000000000'),
(66, 14, 'LC', 'Loreng Coklat', '0101010000000000');

-- --------------------------------------------------------

--
-- Table structure for table `tbl_user`
--

CREATE TABLE `tbl_user` (
  `id_user` int(11) NOT NULL,
  `nama_user` varchar(255) DEFAULT NULL,
  `username` varchar(255) DEFAULT NULL,
  `password` varchar(255) DEFAULT NULL
) ENGINE=InnoDB DEFAULT CHARSET=latin1 ROW_FORMAT=COMPACT;

--
-- Dumping data for table `tbl_user`
--

INSERT INTO `tbl_user` (`id_user`, `nama_user`, `username`, `password`) VALUES
(1, 'Aldi', 'aldi', '$2b$12$nv0kMK7I/8NzEEfDeSiyauHM2upHarD70F6zgGVjyJFxn/ayirIzG');

--
-- Indexes for dumped tables
--

--
-- Indexes for table `tbl_jenis_pesawat`
--
ALTER TABLE `tbl_jenis_pesawat`
  ADD PRIMARY KEY (`id_jenis_pesawat`) USING BTREE;

--
-- Indexes for table `tbl_karakteristik`
--
ALTER TABLE `tbl_karakteristik`
  ADD PRIMARY KEY (`id`) USING BTREE;

--
-- Indexes for table `tbl_karakter_pesawat`
--
ALTER TABLE `tbl_karakter_pesawat`
  ADD PRIMARY KEY (`id_karakter_pesawat`);

--
-- Indexes for table `tbl_pesawat`
--
ALTER TABLE `tbl_pesawat`
  ADD PRIMARY KEY (`id`);

--
-- Indexes for table `tbl_pesawat_bak`
--
ALTER TABLE `tbl_pesawat_bak`
  ADD PRIMARY KEY (`id_pesawat`) USING BTREE,
  ADD KEY `id_jenis_pesawat` (`id_jenis_pesawat`),
  ADD KEY `id_karakter_pesawat` (`id_karakter_pesawat`);

--
-- Indexes for table `tbl_spesifik`
--
ALTER TABLE `tbl_spesifik`
  ADD PRIMARY KEY (`id_spesifik`) USING BTREE;

--
-- Indexes for table `tbl_user`
--
ALTER TABLE `tbl_user`
  ADD PRIMARY KEY (`id_user`) USING BTREE;

--
-- AUTO_INCREMENT for dumped tables
--

--
-- AUTO_INCREMENT for table `tbl_jenis_pesawat`
--
ALTER TABLE `tbl_jenis_pesawat`
  MODIFY `id_jenis_pesawat` int(11) NOT NULL AUTO_INCREMENT, AUTO_INCREMENT=3;

--
-- AUTO_INCREMENT for table `tbl_karakteristik`
--
ALTER TABLE `tbl_karakteristik`
  MODIFY `id` int(11) NOT NULL AUTO_INCREMENT, AUTO_INCREMENT=15;

--
-- AUTO_INCREMENT for table `tbl_karakter_pesawat`
--
ALTER TABLE `tbl_karakter_pesawat`
  MODIFY `id_karakter_pesawat` int(11) NOT NULL AUTO_INCREMENT, AUTO_INCREMENT=5;

--
-- AUTO_INCREMENT for table `tbl_pesawat`
--
ALTER TABLE `tbl_pesawat`
  MODIFY `id` int(11) NOT NULL AUTO_INCREMENT, AUTO_INCREMENT=156;

--
-- AUTO_INCREMENT for table `tbl_pesawat_bak`
--
ALTER TABLE `tbl_pesawat_bak`
  MODIFY `id_pesawat` int(11) NOT NULL AUTO_INCREMENT, AUTO_INCREMENT=159;

--
-- AUTO_INCREMENT for table `tbl_spesifik`
--
ALTER TABLE `tbl_spesifik`
  MODIFY `id_spesifik` int(11) NOT NULL AUTO_INCREMENT, AUTO_INCREMENT=67;

--
-- AUTO_INCREMENT for table `tbl_user`
--
ALTER TABLE `tbl_user`
  MODIFY `id_user` int(11) NOT NULL AUTO_INCREMENT, AUTO_INCREMENT=2;

--
-- Constraints for dumped tables
--

--
-- Constraints for table `tbl_pesawat_bak`
--
ALTER TABLE `tbl_pesawat_bak`
  ADD CONSTRAINT `tbl_pesawat_bak_ibfk_1` FOREIGN KEY (`id_jenis_pesawat`) REFERENCES `tbl_jenis_pesawat` (`id_jenis_pesawat`) ON UPDATE CASCADE,
  ADD CONSTRAINT `tbl_pesawat_bak_ibfk_2` FOREIGN KEY (`id_karakter_pesawat`) REFERENCES `tbl_karakter_pesawat` (`id_karakter_pesawat`) ON UPDATE CASCADE;
COMMIT;

/*!40101 SET CHARACTER_SET_CLIENT=@OLD_CHARACTER_SET_CLIENT */;
/*!40101 SET CHARACTER_SET_RESULTS=@OLD_CHARACTER_SET_RESULTS */;
/*!40101 SET COLLATION_CONNECTION=@OLD_COLLATION_CONNECTION */;
